"Data";"Hora (UTC)";"Temp. Ins. (C)";"Temp. Max. (C)";"Temp. Min. (C)";"Umi. Ins. (%)";"Umi. Max. (%)";"Umi. Min. (%)";"Pto Orvalho Ins. (C)";"Pto Orvalho Max. (C)";"Pto Orvalho Min. (C)";"Pressao Ins. (hPa)";"Pressao Max. (hPa)";"Pressao Min. (hPa)";"Vel. Vento (m/s)";"Dir. Vento (m/s)";"Raj. Vento (m/s)";"Radiacao (KJ/m²)";"Chuva (mm)"
"01/01/2025";"0000";"15,1";"15,3";"14,9";"94,0";"95,0";"93,0";"14,2";"14,4";"13,8";"860,4";"861,9";"860,4";"0,9";"81,0";"3,8";"";"2,6"
"01/01/2025";"0100";"14,2";"15,1";"14,0";"95,0";"95,0";"90,0";"13,4";"14,1";"12,4";"861,6";"861,6";"860,4";"0,3";"11,0";"2,6";"";"0,0"
"01/01/2025";"0200";"14,9";"14,9";"14,2";"93,0";"96,0";"93,0";"13,8";"13,8";"13,5";"861,4";"861,8";"861,4";"0,8";"87,0";"2,6";"";"0,0"
"01/01/2025";"0300";"15,6";"15,7";"14,5";"78,0";"95,0";"78,0";"11,7";"13,9";"11,7";"860,3";"861,4";"860,3";"2,3";"42,0";"3,5";"";"0,2"
"01/01/2025";"0400";"15,2";"15,8";"15,2";"91,0";"91,0";"76,0";"13,8";"13,8";"11,5";"860,0";"860,5";"860,0";"1,5";"22,0";"4,3";"";"0,0"
"01/01/2025";"0500";"14,9";"15,2";"14,8";"95,0";"95,0";"91,0";"14,1";"14,1";"13,8";"859,7";"860,0";"859,7";"1,0";"11,0";"3,7";"";"0,0"
"01/01/2025";"0600";"15,0";"15,1";"14,9";"95,0";"95,0";"94,0";"14,1";"14,2";"14,1";"859,2";"859,7";"859,2";"1,4";"9,0";"4,1";"";"0,0"
"01/01/2025";"0700";"15,1";"15,1";"15,0";"95,0";"95,0";"94,0";"14,2";"14,3";"14,1";"859,4";"859,5";"859,0";"1,1";"10,0";"4,8";"";"0,0"
"01/01/2025";"0800";"15,0";"15,1";"14,9";"95,0";"95,0";"94,0";"14,2";"14,2";"14,1";"860,0";"860,0";"859,4";"0,6";"354,0";"3,9";"";"0,0"
"01/01/2025";"0900";"15,0";"15,0";"14,8";"95,0";"95,0";"95,0";"14,2";"14,2";"14,0";"860,1";"860,3";"859,9";"0,9";"2,0";"3,6";"20,80";"0,0"
"01/01/2025";"1000";"16,1";"16,2";"14,9";"91,0";"95,0";"90,0";"14,6";"14,9";"14,0";"861,0";"861,0";"860,2";"0,8";"355,0";"3,7";"529,70";"0,0"
"01/01/2025";"1100";"17,5";"17,7";"16,0";"87,0";"91,0";"84,0";"15,4";"15,5";"14,4";"861,3";"861,3";"860,9";"1,2";"346,0";"3,5";"1627,00";"0,0"
"01/01/2025";"1200";"19,7";"20,2";"17,2";"77,0";"87,0";"76,0";"15,6";"16,5";"14,6";"861,7";"861,7";"861,3";"0,8";"348,0";"4,5";"2523,90";"0,0"
"01/01/2025";"1300";"19,7";"19,8";"18,4";"79,0";"83,0";"77,0";"15,9";"16,3";"15,1";"861,9";"862,0";"861,7";"0,9";"358,0";"4,1";"1786,90";"0,0"
"01/01/2025";"1400";"21,5";"22,1";"19,7";"69,0";"80,0";"66,0";"15,7";"16,6";"15,1";"861,6";"861,9";"861,6";"1,2";"323,0";"3,3";"3722,50";"0,0"
"01/01/2025";"1500";"22,1";"22,8";"21,1";"70,0";"73,0";"65,0";"16,3";"17,0";"15,2";"861,2";"861,6";"861,2";"1,4";"301,0";"4,6";"3269,60";"0,0"
"01/01/2025";"1600";"22,0";"23,3";"21,3";"67,0";"73,0";"63,0";"15,6";"17,3";"15,2";"860,5";"861,2";"860,5";"0,9";"292,0";"5,0";"2523,30";"0,0"
"01/01/2025";"1700";"23,6";"24,0";"21,7";"62,0";"70,0";"62,0";"16,0";"17,1";"15,2";"859,6";"860,5";"859,6";"0,9";"318,0";"3,6";"2180,70";"0,0"
"01/01/2025";"1800";"21,8";"23,6";"21,8";"69,0";"70,0";"61,0";"15,9";"16,6";"15,0";"859,3";"859,7";"859,2";"0,8";"318,0";"3,3";"1589,30";"0,0"
"01/01/2025";"1900";"22,7";"22,8";"21,2";"67,0";"73,0";"67,0";"16,2";"17,0";"15,8";"858,9";"859,3";"858,8";"0,5";"343,0";"3,2";"1012,30";"0,0"
"01/01/2025";"2000";"19,8";"23,5";"19,8";"75,0";"75,0";"59,0";"15,2";"16,9";"14,8";"859,7";"859,7";"858,8";"1,1";"191,0";"2,5";"1208,50";"0,0"
"01/01/2025";"2100";"16,0";"19,8";"15,8";"95,0";"95,0";"75,0";"15,2";"16,2";"14,4";"859,9";"860,3";"859,3";"1,1";"132,0";"3,3";"134,30";"6,8"
"01/01/2025";"2200";"14,8";"16,1";"14,8";"94,0";"95,0";"92,0";"13,8";"15,2";"13,6";"859,8";"861,2";"859,8";"1,3";"126,0";"3,7";"7,60";"1,0"
"01/01/2025";"2300";"14,5";"14,8";"14,3";"93,0";"96,0";"93,0";"13,4";"13,8";"13,4";"860,6";"860,6";"859,6";"1,6";"102,0";"3,0";"1,00";"0,2"
"02/01/2025";"0000";"14,6";"14,7";"14,4";"90,0";"94,0";"89,0";"12,9";"13,5";"12,8";"860,5";"860,6";"860,2";"0,7";"138,0";"2,7";"";"0,0"
"02/01/2025";"0100";"15,6";"16,0";"14,6";"81,0";"90,0";"78,0";"12,3";"12,9";"12,2";"861,0";"861,0";"860,4";"0,6";"105,0";"2,5";"";"0,0"
"02/01/2025";"0200";"16,0";"17,5";"15,5";"76,0";"81,0";"62,0";"11,7";"12,3";"10,3";"860,6";"861,1";"860,6";"0,8";"12,0";"2,8";"";"0,0"
"02/01/2025";"0300";"15,8";"16,7";"15,8";"88,0";"88,0";"75,0";"13,8";"13,9";"11,6";"859,9";"860,6";"859,9";"1,5";"16,0";"4,3";"";"0,0"
"02/01/2025";"0400";"15,6";"15,9";"15,6";"90,0";"91,0";"88,0";"14,0";"14,2";"13,8";"859,0";"859,9";"859,0";"1,7";"12,0";"4,9";"";"0,0"
"02/01/2025";"0500";"15,9";"15,9";"15,7";"89,0";"90,0";"88,0";"14,1";"14,1";"13,8";"858,5";"859,0";"858,4";"1,4";"14,0";"4,5";"";"0,0"
"02/01/2025";"0600";"15,3";"16,0";"15,3";"94,0";"94,0";"88,0";"14,2";"14,3";"14,0";"857,3";"858,5";"857,2";"1,6";"9,0";"4,5";"";"0,0"
"02/01/2025";"0700";"15,3";"15,4";"15,1";"91,0";"94,0";"90,0";"13,7";"14,2";"13,7";"857,4";"857,6";"857,2";"0,5";"349,0";"4,4";"";"0,0"
"02/01/2025";"0800";"15,0";"15,3";"15,0";"91,0";"91,0";"91,0";"13,6";"13,7";"13,6";"857,8";"857,8";"857,2";"0,3";"21,0";"3,0";"";"0,0"
"02/01/2025";"0900";"15,2";"15,2";"14,9";"92,0";"92,0";"91,0";"13,9";"14,0";"13,5";"858,2";"858,3";"857,7";"0,2";"353,0";"3,0";"17,90";"0,0"
"02/01/2025";"1000";"15,7";"15,7";"15,2";"91,0";"93,0";"91,0";"14,3";"14,3";"13,9";"858,5";"858,6";"857,9";"0,6";"353,0";"3,3";"176,10";"0,0"
"02/01/2025";"1100";"15,9";"15,9";"15,7";"92,0";"92,0";"91,0";"14,5";"14,5";"14,3";"859,1";"859,1";"858,5";"0,5";"341,0";"3,7";"142,70";"0,0"
"02/01/2025";"1200";"13,6";"16,6";"13,6";"95,0";"95,0";"86,0";"12,9";"15,0";"12,4";"860,3";"860,3";"859,1";"1,3";"206,0";"5,9";"39,60";"0,4"
"02/01/2025";"1300";"14,3";"14,4";"13,6";"97,0";"97,0";"95,0";"13,8";"13,9";"12,9";"860,3";"860,5";"860,0";"0,2";"317,0";"3,1";"201,30";"2,4"
"02/01/2025";"1400";"15,7";"15,8";"14,2";"94,0";"97,0";"94,0";"14,7";"14,9";"13,8";"860,0";"860,3";"860,0";"0,8";"302,0";"2,4";"640,10";"0,4"
"02/01/2025";"1500";"18,6";"18,6";"15,7";"77,0";"95,0";"77,0";"14,5";"15,9";"14,5";"859,1";"860,0";"859,1";"0,6";"280,0";"2,6";"2120,40";"0,0"
"02/01/2025";"1600";"20,0";"20,7";"18,5";"74,0";"81,0";"72,0";"15,3";"16,8";"14,3";"858,3";"859,2";"858,3";"1,7";"295,0";"4,4";"3848,40";"0,0"
"02/01/2025";"1700";"20,1";"21,4";"19,9";"79,0";"79,0";"73,0";"16,4";"17,0";"15,6";"857,6";"858,3";"857,5";"1,6";"268,0";"4,5";"2674,10";"0,0"
"02/01/2025";"1800";"19,6";"20,6";"19,6";"83,0";"83,0";"78,0";"16,6";"17,1";"16,1";"857,1";"857,6";"857,1";"1,6";"283,0";"4,1";"1078,30";"0,0"
"02/01/2025";"1900";"19,8";"20,3";"19,6";"79,0";"83,0";"79,0";"16,0";"17,0";"16,0";"857,2";"857,3";"856,9";"0,8";"268,0";"3,4";"1085,40";"0,0"
"02/01/2025";"2000";"18,8";"19,8";"18,8";"84,0";"85,0";"79,0";"16,1";"16,2";"15,7";"856,8";"857,7";"856,8";"0,9";"314,0";"2,8";"421,00";"0,0"
"02/01/2025";"2100";"19,0";"19,3";"18,7";"82,0";"85,0";"81,0";"15,9";"16,3";"15,8";"857,1";"857,1";"855,9";"0,1";"211,0";"2,2";"398,50";"0,0"
"02/01/2025";"2200";"18,5";"19,0";"18,4";"87,0";"88,0";"82,0";"16,3";"16,4";"15,8";"857,4";"857,6";"857,1";"0,2";"301,0";"1,7";"124,90";"0,0"
"02/01/2025";"2300";"17,8";"18,5";"17,4";"91,0";"92,0";"87,0";"16,3";"16,3";"15,8";"857,6";"857,8";"857,2";"0,6";"314,0";"1,4";"23,40";"0,0"
"03/01/2025";"0000";"16,9";"17,8";"16,8";"94,0";"95,0";"91,0";"16,0";"16,5";"15,8";"858,2";"858,2";"857,6";"0,3";"306,0";"1,5";"";"0,0"
"03/01/2025";"0100";"16,8";"17,2";"16,6";"95,0";"96,0";"94,0";"16,0";"16,5";"15,8";"858,9";"858,9";"858,2";"0,0";"328,0";"1,4";"";"0,0"
"03/01/2025";"0200";"16,3";"16,9";"16,2";"96,0";"96,0";"95,0";"15,7";"16,1";"15,6";"857,8";"858,9";"857,8";"0,2";"305,0";"1,3";"";"0,0"
"03/01/2025";"0300";"16,3";"16,6";"16,1";"96,0";"97,0";"96,0";"15,7";"16,0";"15,5";"857,2";"857,8";"857,2";"0,2";"310,0";"1,6";"";"0,0"
"03/01/2025";"0400";"15,8";"16,4";"15,8";"97,0";"97,0";"96,0";"15,3";"15,9";"15,3";"856,7";"857,2";"856,7";"0,5";"328,0";"1,5";"";"0,2"
"03/01/2025";"0500";"16,2";"16,6";"15,4";"94,0";"97,0";"92,0";"15,3";"15,6";"14,9";"856,7";"856,8";"856,5";"1,2";"301,0";"2,1";"";"0,0"
"03/01/2025";"0600";"15,7";"16,4";"15,3";"97,0";"97,0";"94,0";"15,2";"15,5";"14,8";"856,3";"856,7";"856,2";"0,4";"322,0";"2,4";"";"0,0"
"03/01/2025";"0700";"16,1";"16,1";"15,7";"98,0";"98,0";"97,0";"15,7";"15,7";"15,3";"856,3";"856,3";"856,1";"1,2";"307,0";"2,7";"0,30";"0,0"
"03/01/2025";"0800";"15,7";"16,1";"15,7";"98,0";"98,0";"98,0";"15,4";"15,7";"15,4";"856,3";"856,3";"856,2";"1,1";"303,0";"2,7";"0,50";"0,0"
"03/01/2025";"0900";"15,5";"15,7";"15,4";"98,0";"98,0";"98,0";"15,1";"15,4";"15,0";"856,5";"856,5";"856,3";"0,6";"301,0";"2,1";"50,70";"0,0"
"03/01/2025";"1000";"16,0";"16,0";"15,5";"98,0";"98,0";"98,0";"15,7";"15,7";"15,2";"856,7";"856,7";"856,5";"1,1";"301,0";"2,9";"567,20";"0,0"
"03/01/2025";"1100";"16,9";"16,9";"15,9";"98,0";"98,0";"98,0";"16,5";"16,5";"15,5";"857,1";"857,1";"856,7";"1,3";"275,0";"4,3";"633,70";"0,0"
"03/01/2025";"1200";"20,0";"20,0";"16,8";"80,0";"98,0";"79,0";"16,3";"17,6";"16,0";"857,2";"857,2";"857,1";"2,1";"261,0";"4,7";"2134,40";"0,0"
"03/01/2025";"1300";"21,4";"21,4";"19,8";"63,0";"80,0";"63,0";"13,9";"16,1";"13,9";"857,5";"857,6";"857,2";"2,2";"278,0";"5,5";"3183,80";"0,0"
"03/01/2025";"1400";"22,7";"22,7";"21,1";"56,0";"67,0";"55,0";"13,5";"14,9";"12,8";"857,5";"857,6";"857,5";"2,3";"266,0";"5,7";"3472,90";"0,0"
"03/01/2025";"1500";"22,6";"23,1";"21,6";"47,0";"58,0";"46,0";"10,6";"13,6";"10,6";"857,3";"857,6";"857,2";"2,9";"258,0";"6,8";"3613,60";"0,0"
"03/01/2025";"1600";"22,7";"23,5";"22,2";"45,0";"51,0";"42,0";"10,2";"12,0";"9,0";"857,0";"857,3";"857,0";"2,6";"259,0";"7,7";"3916,70";"0,0"
"03/01/2025";"1700";"23,4";"24,1";"22,7";"47,0";"49,0";"42,0";"11,5";"12,3";"9,9";"856,7";"857,0";"856,6";"2,3";"269,0";"6,1";"4064,30";"0,0"
"03/01/2025";"1800";"21,9";"23,8";"21,5";"59,0";"60,0";"46,0";"13,7";"13,7";"10,6";"856,4";"856,7";"856,4";"2,2";"269,0";"6,0";"2297,80";"0,0"
"03/01/2025";"1900";"22,1";"23,5";"21,5";"60,0";"61,0";"54,0";"13,9";"14,4";"12,9";"855,9";"856,4";"855,9";"2,6";"283,0";"5,5";"1586,90";"0,0"
"03/01/2025";"2000";"22,0";"23,5";"21,8";"54,0";"60,0";"52,0";"12,3";"14,7";"12,3";"855,6";"855,9";"855,6";"2,2";"279,0";"5,9";"1766,00";"0,0"
"03/01/2025";"2100";"22,2";"23,0";"21,9";"50,0";"57,0";"49,0";"11,1";"13,3";"11,0";"855,6";"855,7";"855,5";"2,3";"258,0";"6,0";"1283,50";"0,0"
"03/01/2025";"2200";"20,0";"22,2";"20,0";"49,0";"50,0";"46,0";"9,0";"10,9";"8,8";"855,8";"855,8";"855,6";"1,9";"251,0";"5,3";"538,80";"0,0"
"03/01/2025";"2300";"18,4";"20,0";"18,4";"55,0";"55,0";"49,0";"9,2";"9,3";"8,8";"855,8";"855,8";"855,7";"0,8";"274,0";"3,4";"28,40";"0,0"
"04/01/2025";"0000";"18,1";"18,5";"18,0";"54,0";"56,0";"54,0";"8,7";"9,4";"8,7";"856,3";"856,3";"855,8";"1,2";"274,0";"2,8";"";"0,0"
"04/01/2025";"0100";"16,9";"18,1";"16,8";"60,0";"60,0";"54,0";"9,1";"9,2";"8,7";"857,0";"857,0";"856,3";"0,5";"331,0";"2,8";"";"0,0"
"04/01/2025";"0200";"16,8";"17,1";"16,1";"61,0";"64,0";"60,0";"9,2";"9,5";"9,1";"857,5";"857,5";"857,0";"0,4";"316,0";"1,6";"";"0,0"
"04/01/2025";"0300";"15,6";"17,1";"15,4";"66,0";"67,0";"60,0";"9,4";"9,5";"8,9";"857,4";"857,7";"857,3";"0,3";"331,0";"1,6";"";"0,0"
"04/01/2025";"0400";"14,1";"15,8";"14,1";"84,0";"84,0";"66,0";"11,5";"11,6";"9,0";"857,1";"857,4";"857,1";"0,9";"191,0";"2,2";"";"0,0"
"04/01/2025";"0500";"14,4";"14,6";"13,9";"79,0";"88,0";"79,0";"10,9";"12,2";"10,9";"857,0";"857,2";"857,0";"0,6";"197,0";"1,8";"";"0,0"
"04/01/2025";"0600";"13,6";"14,4";"13,1";"84,0";"85,0";"79,0";"11,0";"11,2";"10,6";"856,8";"857,0";"856,8";"0,3";"276,0";"1,6";"";"0,0"
"04/01/2025";"0700";"13,1";"13,6";"13,1";"86,0";"87,0";"84,0";"10,9";"11,2";"10,8";"856,7";"856,8";"856,6";"0,4";"291,0";"1,0";"";"0,0"
"04/01/2025";"0800";"12,4";"13,2";"12,4";"82,0";"89,0";"82,0";"9,5";"11,1";"9,5";"856,9";"856,9";"856,7";"0,5";"238,0";"1,2";"";"0,0"
"04/01/2025";"0900";"12,8";"12,8";"12,0";"84,0";"85,0";"81,0";"10,3";"10,3";"8,9";"857,1";"857,1";"856,9";"0,5";"265,0";"1,3";"43,90";"0,0"
"04/01/2025";"1000";"14,5";"14,5";"12,8";"75,0";"84,0";"75,0";"10,1";"10,6";"10,0";"857,4";"857,4";"857,1";"0,6";"245,0";"1,2";"656,70";"0,0"
"04/01/2025";"1100";"15,9";"16,0";"14,5";"64,0";"76,0";"63,0";"9,1";"11,1";"8,6";"857,8";"857,8";"857,4";"0,8";"278,0";"2,2";"1590,60";"0,0"
"04/01/2025";"1200";"16,9";"17,3";"15,8";"58,0";"66,0";"57,0";"8,7";"10,1";"8,2";"857,9";"857,9";"857,8";"1,7";"253,0";"3,7";"2485,90";"0,0"
"04/01/2025";"1300";"18,1";"18,1";"16,7";"53,0";"60,0";"49,0";"8,5";"9,3";"6,7";"858,1";"858,1";"857,9";"2,2";"252,0";"4,1";"3232,40";"0,0"
"04/01/2025";"1400";"18,5";"19,2";"17,6";"49,0";"59,0";"48,0";"7,7";"10,4";"7,5";"858,1";"858,2";"858,0";"2,1";"257,0";"4,5";"3837,60";"0,0"
"04/01/2025";"1500";"19,6";"20,0";"18,5";"52,0";"57,0";"47,0";"9,5";"10,6";"7,7";"857,8";"858,1";"857,8";"2,8";"235,0";"5,4";"4207,80";"0,0"
"04/01/2025";"1600";"20,4";"20,8";"19,5";"50,0";"53,0";"42,0";"9,7";"10,3";"6,9";"857,6";"857,8";"857,5";"2,3";"234,0";"5,0";"4236,10";"0,0"
"04/01/2025";"1700";"21,2";"21,3";"20,2";"44,0";"50,0";"37,0";"8,4";"9,4";"5,4";"857,4";"857,6";"857,3";"2,1";"245,0";"4,4";"4164,60";"0,0"
"04/01/2025";"1800";"21,2";"21,9";"20,3";"44,0";"46,0";"35,0";"8,4";"9,3";"5,5";"857,3";"857,5";"857,3";"2,0";"227,0";"4,7";"3700,30";"0,0"
"04/01/2025";"1900";"21,0";"21,6";"20,2";"36,0";"46,0";"27,0";"5,5";"8,5";"1,8";"857,3";"857,4";"857,2";"1,5";"275,0";"4,9";"2854,60";"0,0"
"04/01/2025";"2000";"20,2";"21,7";"20,1";"43,0";"49,0";"35,0";"7,2";"9,6";"5,4";"857,1";"857,3";"857,0";"1,9";"188,0";"3,9";"2328,80";"0,0"
"04/01/2025";"2100";"19,6";"21,0";"19,6";"35,0";"46,0";"33,0";"3,8";"8,6";"3,3";"857,2";"857,2";"857,0";"1,8";"208,0";"4,0";"1272,20";"0,0"
"04/01/2025";"2200";"18,0";"19,7";"17,9";"41,0";"42,0";"34,0";"4,5";"4,9";"3,2";"857,3";"857,3";"857,1";"0,7";"217,0";"3,4";"569,40";"0,0"
"04/01/2025";"2300";"15,7";"18,0";"15,7";"64,0";"64,0";"41,0";"8,9";"8,9";"4,5";"857,6";"857,6";"857,3";"1,2";"205,0";"2,4";"24,80";"0,0"
"05/01/2025";"0000";"14,1";"15,9";"14,0";"82,0";"82,0";"64,0";"11,0";"11,0";"8,9";"858,2";"858,2";"857,6";"0,5";"169,0";"1,9";"";"0,0"
"05/01/2025";"0100";"13,1";"14,2";"13,1";"93,0";"93,0";"82,0";"12,0";"12,3";"11,0";"858,8";"858,8";"858,2";"0,8";"154,0";"1,7";"";"0,0"
"05/01/2025";"0200";"12,2";"13,2";"12,1";"96,0";"96,0";"93,0";"11,5";"12,2";"11,4";"858,8";"859,0";"858,8";"0,2";"138,0";"1,5";"";"0,0"
"05/01/2025";"0300";"11,9";"12,2";"11,8";"97,0";"97,0";"96,0";"11,4";"11,8";"11,3";"858,5";"858,8";"858,5";"0,2";"124,0";"1,0";"";"0,0"
"05/01/2025";"0400";"11,7";"12,2";"11,5";"97,0";"97,0";"96,0";"11,2";"11,8";"11,0";"858,1";"858,5";"858,1";"0,2";"127,0";"1,0";"";"0,0"
"05/01/2025";"0500";"11,5";"11,9";"11,2";"96,0";"97,0";"95,0";"10,8";"11,4";"10,6";"857,9";"858,1";"857,8";"0,1";"341,0";"0,9";"";"0,2"
"05/01/2025";"0600";"11,4";"11,7";"11,1";"95,0";"96,0";"95,0";"10,7";"11,0";"10,4";"857,7";"857,9";"857,7";"0,1";"327,0";"1,0";"";"0,0"
"05/01/2025";"0700";"10,8";"11,4";"10,6";"97,0";"97,0";"95,0";"10,2";"10,8";"10,1";"857,8";"857,8";"857,4";"0,0";"318,0";"1,0";"";"0,0"
"05/01/2025";"0800";"11,5";"11,5";"10,8";"97,0";"97,0";"96,0";"11,1";"11,1";"10,3";"858,1";"858,5";"857,8";"0,0";"305,0";"0,7";"";"0,0"
"05/01/2025";"0900";"12,0";"12,1";"11,5";"97,0";"97,0";"97,0";"11,5";"11,6";"11,1";"858,8";"858,8";"858,1";"0,2";"270,0";"1,1";"18,10";"0,0"
"05/01/2025";"1000";"12,0";"12,1";"11,8";"97,0";"97,0";"97,0";"11,5";"11,7";"11,4";"858,9";"858,9";"858,6";"0,1";"320,0";"1,2";"280,30";"0,0"
"05/01/2025";"1100";"12,8";"13,1";"11,9";"94,0";"97,0";"94,0";"11,9";"12,4";"11,4";"859,6";"859,8";"858,9";"0,2";"295,0";"1,3";"598,30";"0,0"
"05/01/2025";"1200";"15,5";"15,5";"12,7";"82,0";"95,0";"81,0";"12,4";"13,1";"11,2";"859,8";"859,8";"859,6";"0,5";"345,0";"1,9";"2023,50";"0,0"
"05/01/2025";"1300";"16,2";"17,2";"14,6";"67,0";"81,0";"63,0";"10,0";"12,5";"9,7";"859,4";"859,8";"859,4";"1,0";"287,0";"2,4";"2837,80";"0,0"
"05/01/2025";"1400";"17,7";"18,7";"16,1";"60,0";"69,0";"54,0";"9,8";"11,5";"8,5";"859,6";"859,7";"859,4";"1,2";"291,0";"4,5";"3620,50";"0,0"
"05/01/2025";"1500";"19,3";"19,8";"17,7";"56,0";"65,0";"50,0";"10,2";"11,3";"7,9";"859,4";"859,7";"859,3";"1,1";"290,0";"3,6";"3524,90";"0,0"
"05/01/2025";"1600";"19,3";"20,2";"18,5";"53,0";"59,0";"48,0";"9,5";"11,6";"8,6";"859,0";"859,4";"859,0";"1,1";"263,0";"3,8";"3246,10";"0,0"
"05/01/2025";"1700";"20,2";"21,2";"19,0";"49,0";"57,0";"46,0";"9,1";"11,5";"8,2";"858,7";"859,0";"858,7";"1,1";"228,0";"3,6";"4126,90";"0,0"
"05/01/2025";"1800";"21,1";"21,3";"20,0";"47,0";"53,0";"42,0";"9,5";"10,4";"7,4";"858,5";"858,7";"858,3";"1,2";"273,0";"3,9";"3638,70";"0,0"
"05/01/2025";"1900";"19,3";"21,8";"19,3";"54,0";"55,0";"43,0";"9,8";"11,0";"7,8";"858,3";"858,6";"858,2";"1,9";"211,0";"3,8";"2254,50";"0,0"
"05/01/2025";"2000";"19,6";"20,1";"19,3";"53,0";"57,0";"53,0";"9,8";"10,8";"9,6";"858,2";"858,4";"858,0";"1,7";"203,0";"3,2";"1500,70";"0,0"
"05/01/2025";"2100";"18,8";"19,6";"18,8";"53,0";"57,0";"52,0";"9,0";"10,6";"9,0";"858,3";"858,3";"858,2";"1,4";"218,0";"3,2";"958,00";"0,0"
"05/01/2025";"2200";"17,1";"18,8";"17,1";"73,0";"73,0";"53,0";"12,3";"12,3";"9,1";"858,6";"858,6";"858,3";"1,0";"177,0";"2,5";"356,10";"0,0"
"05/01/2025";"2300";"14,9";"17,1";"14,9";"90,0";"90,0";"73,0";"13,3";"13,4";"12,4";"858,7";"858,7";"858,6";"1,0";"143,0";"2,3";"21,30";"0,0"
"06/01/2025";"0000";"14,0";"14,9";"14,0";"92,0";"92,0";"90,0";"12,7";"13,3";"12,7";"859,1";"859,1";"858,7";"1,4";"150,0";"2,5";"";"0,0"
"06/01/2025";"0100";"13,2";"14,0";"13,2";"93,0";"93,0";"92,0";"12,1";"12,7";"12,1";"859,2";"859,2";"859,0";"0,9";"141,0";"2,4";"";"0,0"
"06/01/2025";"0200";"12,6";"13,2";"12,4";"96,0";"96,0";"93,0";"12,0";"12,2";"11,7";"859,3";"859,3";"859,2";"0,9";"117,0";"1,9";"";"0,0"
"06/01/2025";"0300";"12,7";"12,7";"12,5";"95,0";"96,0";"95,0";"12,0";"12,1";"11,7";"859,1";"859,3";"859,1";"0,9";"100,0";"2,1";"";"0,0"
"06/01/2025";"0400";"12,5";"12,8";"12,2";"94,0";"95,0";"94,0";"11,6";"12,0";"11,4";"858,6";"859,1";"858,6";"0,6";"72,0";"1,8";"";"0,0"
"06/01/2025";"0500";"12,6";"12,6";"12,0";"91,0";"94,0";"91,0";"11,2";"11,6";"10,8";"858,0";"858,6";"858,0";"0,1";"22,0";"1,3";"";"0,2"
"06/01/2025";"0600";"12,3";"12,6";"11,5";"93,0";"95,0";"90,0";"11,1";"11,6";"10,4";"857,8";"858,0";"857,8";"0,1";"354,0";"1,0";"";"0,0"
"06/01/2025";"0700";"11,9";"12,7";"11,2";"96,0";"96,0";"93,0";"11,2";"11,7";"10,2";"857,8";"857,8";"857,7";"0,0";"26,0";"1,1";"";"0,0"
"06/01/2025";"0800";"12,1";"12,2";"11,8";"96,0";"96,0";"95,0";"11,5";"11,6";"11,1";"858,3";"858,3";"857,8";"0,0";"324,0";"0,7";"";"0,0"
"06/01/2025";"0900";"12,5";"12,5";"12,1";"96,0";"96,0";"96,0";"11,8";"11,8";"11,5";"858,9";"858,9";"858,3";"0,1";"347,0";"1,0";"12,10";"0,0"
"06/01/2025";"1000";"13,3";"13,4";"12,4";"93,0";"96,0";"93,0";"12,2";"12,6";"11,7";"859,4";"859,4";"858,9";"0,0";"326,0";"1,3";"309,10";"0,0"
"06/01/2025";"1100";"14,5";"14,7";"13,3";"87,0";"93,0";"87,0";"12,4";"13,3";"12,2";"859,8";"859,8";"859,4";"0,3";"329,0";"1,5";"849,70";"0,0"
"06/01/2025";"1200";"15,4";"16,0";"13,7";"82,0";"93,0";"80,0";"12,4";"13,1";"11,9";"860,0";"860,0";"859,8";"0,4";"291,0";"2,2";"1442,50";"0,0"
"06/01/2025";"1300";"17,6";"18,2";"15,3";"67,0";"85,0";"64,0";"11,4";"13,3";"9,9";"860,0";"860,0";"859,9";"0,9";"269,0";"2,8";"2802,00";"0,0"
"06/01/2025";"1400";"18,8";"18,9";"16,2";"56,0";"71,0";"55,0";"9,9";"12,2";"9,7";"859,7";"860,1";"859,7";"0,9";"279,0";"4,8";"2745,60";"0,0"
"06/01/2025";"1500";"19,7";"20,2";"17,9";"53,0";"64,0";"49,0";"9,8";"12,4";"8,9";"859,3";"859,7";"859,3";"1,1";"269,0";"4,8";"2880,20";"0,0"
"06/01/2025";"1600";"20,8";"21,5";"18,8";"46,0";"61,0";"43,0";"8,6";"12,3";"8,0";"859,0";"859,3";"858,9";"1,6";"245,0";"2,9";"3543,30";"0,0"
"06/01/2025";"1700";"20,7";"22,1";"20,4";"45,0";"51,0";"40,0";"8,2";"11,3";"7,8";"858,7";"859,0";"858,7";"1,7";"214,0";"4,1";"3697,90";"0,0"
"06/01/2025";"1800";"20,5";"22,5";"20,2";"44,0";"50,0";"40,0";"7,9";"10,9";"7,5";"858,5";"858,8";"858,5";"1,8";"227,0";"4,0";"3083,00";"0,0"
"06/01/2025";"1900";"20,9";"22,6";"20,5";"44,0";"48,0";"37,0";"8,1";"10,6";"6,5";"858,1";"858,5";"858,1";"1,1";"232,0";"3,7";"1962,00";"0,0"
"06/01/2025";"2000";"19,2";"21,9";"18,3";"71,0";"75,0";"42,0";"13,9";"14,6";"7,5";"857,9";"858,1";"857,8";"1,5";"121,0";"4,2";"1815,10";"0,0"
"06/01/2025";"2100";"17,1";"20,0";"17,1";"79,0";"79,0";"70,0";"13,4";"14,8";"13,3";"858,3";"858,3";"857,9";"1,6";"133,0";"4,4";"1241,30";"0,0"
"06/01/2025";"2200";"14,9";"17,4";"14,9";"87,0";"87,0";"78,0";"12,8";"13,8";"12,7";"858,8";"858,8";"858,2";"1,4";"134,0";"3,9";"595,60";"0,0"
"06/01/2025";"2300";"13,1";"14,9";"13,1";"90,0";"90,0";"87,0";"11,5";"12,9";"11,5";"859,0";"859,0";"858,8";"1,5";"129,0";"3,4";"38,50";"0,0"
"07/01/2025";"0000";"12,3";"13,1";"12,3";"93,0";"93,0";"90,0";"11,2";"11,5";"11,1";"859,4";"859,4";"859,0";"1,4";"132,0";"3,4";"";"0,0"
"07/01/2025";"0100";"11,2";"12,3";"11,2";"92,0";"94,0";"92,0";"10,0";"11,3";"10,0";"859,7";"859,7";"859,4";"1,6";"117,0";"3,3";"";"0,0"
"07/01/2025";"0200";"11,0";"11,3";"10,9";"92,0";"93,0";"91,0";"9,7";"10,1";"9,7";"859,7";"859,8";"859,6";"1,6";"109,0";"3,1";"";"0,0"
"07/01/2025";"0300";"11,3";"11,3";"11,0";"92,0";"92,0";"91,0";"10,1";"10,1";"9,6";"859,6";"859,7";"859,6";"1,3";"102,0";"3,1";"";"0,0"
"07/01/2025";"0400";"10,9";"11,3";"10,6";"94,0";"94,0";"91,0";"10,0";"10,0";"9,5";"859,4";"859,7";"859,4";"0,8";"86,0";"2,4";"";"0,0"
"07/01/2025";"0500";"11,0";"11,2";"10,9";"94,0";"94,0";"93,0";"10,0";"10,1";"9,9";"859,2";"859,4";"859,2";"0,0";"148,0";"1,6";"";"0,0"
"07/01/2025";"0600";"11,7";"11,7";"10,8";"93,0";"94,0";"93,0";"10,7";"10,7";"9,8";"858,9";"859,2";"858,9";"0,0";"61,0";"0,7";"";"0,0"
"07/01/2025";"0700";"12,4";"12,5";"11,7";"90,0";"93,0";"90,0";"10,9";"10,9";"10,6";"859,2";"859,2";"858,9";"0,1";"3,0";"1,4";"";"0,0"
"07/01/2025";"0800";"12,1";"12,4";"12,0";"94,0";"94,0";"90,0";"11,1";"11,2";"10,9";"859,1";"859,2";"859,1";"0,0";"10,0";"1,9";"";"0,0"
"07/01/2025";"0900";"12,4";"12,4";"12,0";"94,0";"95,0";"94,0";"11,4";"11,4";"11,1";"859,3";"859,4";"859,1";"0,1";"10,0";"1,8";"22,10";"0,0"
"07/01/2025";"1000";"13,5";"13,6";"12,4";"89,0";"94,0";"88,0";"11,7";"11,8";"11,3";"859,6";"859,6";"859,3";"0,6";"11,0";"2,1";"479,60";"0,0"
"07/01/2025";"1100";"15,2";"15,4";"13,5";"83,0";"89,0";"83,0";"12,3";"13,1";"11,5";"860,0";"860,0";"859,6";"0,7";"352,0";"2,5";"1320,10";"0,0"
"07/01/2025";"1200";"16,6";"16,6";"14,5";"79,0";"85,0";"78,0";"12,9";"13,3";"11,7";"860,2";"860,2";"859,9";"0,6";"343,0";"2,8";"1889,50";"0,0"
"07/01/2025";"1300";"17,6";"18,4";"16,4";"70,0";"79,0";"69,0";"12,1";"14,1";"11,7";"860,3";"860,3";"860,2";"0,9";"342,0";"2,5";"3404,00";"0,0"
"07/01/2025";"1400";"19,8";"20,0";"17,6";"63,0";"74,0";"61,0";"12,4";"14,4";"11,5";"860,1";"860,3";"860,0";"0,8";"7,0";"3,5";"3858,30";"0,0"
"07/01/2025";"1500";"19,9";"21,2";"19,4";"59,0";"65,0";"52,0";"11,5";"13,4";"10,7";"860,0";"860,1";"859,9";"0,9";"265,0";"3,2";"4106,50";"0,0"
"07/01/2025";"1600";"22,6";"22,7";"19,7";"50,0";"61,0";"47,0";"11,6";"13,0";"9,0";"859,8";"860,1";"859,8";"0,5";"238,0";"2,8";"3556,50";"0,0"
"07/01/2025";"1700";"20,1";"23,4";"20,1";"67,0";"67,0";"44,0";"13,8";"13,8";"8,7";"859,5";"859,9";"859,5";"1,2";"144,0";"3,3";"2814,80";"0,0"
"07/01/2025";"1800";"19,2";"20,5";"19,2";"71,0";"73,0";"67,0";"13,8";"15,2";"13,7";"859,1";"859,5";"859,1";"2,5";"113,0";"4,7";"1847,40";"0,0"
"07/01/2025";"1900";"19,1";"20,5";"19,0";"73,0";"74,0";"69,0";"14,0";"15,2";"13,7";"858,9";"859,1";"858,8";"2,3";"117,0";"4,6";"2471,80";"0,0"
"07/01/2025";"2000";"18,8";"19,3";"17,5";"73,0";"79,0";"72,0";"13,8";"14,8";"13,5";"858,9";"859,2";"858,9";"2,0";"118,0";"4,6";"2139,90";"0,0"
"07/01/2025";"2100";"16,5";"18,8";"16,5";"80,0";"80,0";"73,0";"13,2";"14,0";"13,1";"859,2";"859,2";"858,8";"2,4";"103,0";"5,1";"1016,50";"0,0"
"07/01/2025";"2200";"15,9";"17,0";"15,9";"84,0";"84,0";"79,0";"13,2";"13,5";"13,2";"859,6";"859,6";"859,2";"1,8";"105,0";"4,4";"314,90";"0,0"
"07/01/2025";"2300";"14,3";"15,9";"14,3";"92,0";"92,0";"84,0";"13,0";"13,4";"13,0";"859,9";"860,0";"859,6";"1,5";"111,0";"3,5";"17,40";"0,0"
"08/01/2025";"0000";"13,9";"14,3";"13,9";"93,0";"93,0";"91,0";"12,7";"13,0";"12,7";"860,3";"860,3";"859,9";"2,2";"109,0";"4,0";"";"0,0"
"08/01/2025";"0100";"14,1";"14,1";"13,9";"92,0";"93,0";"92,0";"12,8";"12,8";"12,6";"860,5";"860,6";"860,3";"1,6";"113,0";"3,8";"";"0,0"
"08/01/2025";"0200";"13,9";"14,1";"13,9";"93,0";"94,0";"92,0";"12,8";"13,0";"12,8";"860,7";"860,8";"860,5";"1,5";"113,0";"3,3";"";"0,0"
"08/01/2025";"0300";"13,7";"14,0";"13,7";"91,0";"93,0";"90,0";"12,3";"12,8";"12,2";"860,7";"860,8";"860,5";"1,3";"94,0";"3,0";"";"0,0"
"08/01/2025";"0400";"13,6";"13,7";"13,5";"91,0";"91,0";"90,0";"12,1";"12,3";"12,0";"860,3";"860,7";"860,3";"1,3";"63,0";"2,6";"";"0,0"
"08/01/2025";"0500";"12,9";"13,7";"12,9";"92,0";"92,0";"90,0";"11,7";"12,1";"11,7";"859,8";"860,3";"859,8";"0,8";"105,0";"2,3";"";"0,0"
"08/01/2025";"0600";"13,6";"13,6";"12,7";"91,0";"94,0";"91,0";"12,1";"12,1";"11,6";"859,4";"859,9";"859,4";"0,5";"50,0";"1,7";"";"0,0"
"08/01/2025";"0700";"13,4";"13,7";"13,2";"91,0";"91,0";"90,0";"12,0";"12,2";"11,8";"859,7";"859,7";"859,3";"0,0";"62,0";"1,8";"";"0,0"
"08/01/2025";"0800";"13,4";"13,6";"13,4";"90,0";"91,0";"90,0";"11,8";"12,0";"11,8";"859,9";"860,0";"859,6";"0,5";"22,0";"1,6";"";"0,0"
"08/01/2025";"0900";"13,4";"13,4";"12,7";"90,0";"93,0";"90,0";"11,9";"11,9";"11,4";"860,2";"860,2";"859,8";"0,4";"19,0";"1,6";"31,20";"0,0"
"08/01/2025";"1000";"14,6";"14,6";"13,4";"86,0";"90,0";"86,0";"12,2";"12,3";"11,8";"860,3";"860,4";"860,2";"1,3";"39,0";"2,5";"387,60";"0,0"
"08/01/2025";"1100";"16,8";"16,8";"14,5";"78,0";"85,0";"76,0";"12,8";"12,8";"12,0";"860,7";"860,8";"860,3";"1,0";"85,0";"2,4";"1510,00";"0,0"
"08/01/2025";"1200";"17,5";"18,3";"16,7";"70,0";"78,0";"70,0";"12,0";"13,4";"11,9";"861,0";"861,0";"860,7";"0,5";"351,0";"2,3";"2294,30";"0,0"
"08/01/2025";"1300";"18,9";"19,4";"17,3";"69,0";"77,0";"68,0";"13,0";"14,6";"12,2";"861,1";"861,1";"861,0";"0,9";"357,0";"2,7";"2892,20";"0,0"
"08/01/2025";"1400";"18,2";"20,4";"18,0";"74,0";"74,0";"66,0";"13,6";"14,9";"12,5";"861,1";"861,1";"860,9";"0,8";"360,0";"3,3";"3044,40";"0,0"
"08/01/2025";"1500";"21,2";"21,2";"18,3";"62,0";"75,0";"62,0";"13,7";"14,5";"12,4";"860,5";"861,1";"860,5";"0,7";"34,0";"3,8";"2919,20";"0,0"
"08/01/2025";"1600";"18,2";"21,2";"18,2";"77,0";"77,0";"60,0";"14,0";"14,7";"12,2";"860,4";"860,6";"860,3";"1,7";"110,0";"3,7";"1475,00";"0,0"
"08/01/2025";"1700";"13,9";"18,2";"13,6";"96,0";"96,0";"77,0";"13,2";"14,3";"12,8";"860,2";"860,4";"860,1";"1,2";"144,0";"4,3";"333,40";"21,2"
"08/01/2025";"1800";"15,1";"15,4";"12,9";"93,0";"98,0";"88,0";"14,0";"14,7";"12,1";"859,8";"860,3";"859,7";"2,2";"108,0";"5,8";"663,60";"13,6"
"08/01/2025";"1900";"16,1";"16,1";"15,0";"88,0";"94,0";"87,0";"14,0";"14,8";"13,8";"859,1";"859,8";"859,1";"2,1";"114,0";"4,6";"966,70";"0,0"
"08/01/2025";"2000";"15,8";"16,1";"15,8";"89,0";"90,0";"87,0";"14,0";"14,2";"14,0";"859,4";"859,4";"859,1";"1,8";"102,0";"4,6";"324,30";"0,0"
"08/01/2025";"2100";"15,8";"15,9";"15,4";"91,0";"92,0";"88,0";"14,4";"14,5";"13,8";"859,0";"859,4";"859,0";"1,6";"111,0";"3,3";"394,00";"0,8"
"08/01/2025";"2200";"15,6";"16,3";"15,6";"90,0";"91,0";"88,0";"13,9";"14,4";"13,9";"859,7";"859,7";"859,0";"1,9";"111,0";"3,8";"459,90";"0,0"
"08/01/2025";"2300";"14,5";"15,6";"14,5";"94,0";"94,0";"89,0";"13,5";"13,9";"13,5";"860,2";"860,2";"859,7";"1,6";"115,0";"3,7";"15,90";"0,0"
"09/01/2025";"0000";"13,9";"14,5";"13,9";"94,0";"95,0";"93,0";"13,0";"13,5";"13,0";"860,3";"860,3";"860,2";"1,6";"106,0";"3,9";"";"0,0"
"09/01/2025";"0100";"14,2";"14,2";"13,8";"94,0";"94,0";"94,0";"13,3";"13,3";"12,9";"860,7";"860,7";"860,3";"1,5";"86,0";"3,1";"";"0,0"
"09/01/2025";"0200";"14,1";"14,3";"14,1";"93,0";"94,0";"93,0";"12,9";"13,3";"12,9";"860,7";"860,8";"860,6";"1,0";"96,0";"3,0";"";"0,0"
"09/01/2025";"0300";"13,7";"14,2";"13,7";"92,0";"93,0";"91,0";"12,5";"13,0";"12,4";"860,1";"860,7";"860,1";"1,9";"97,0";"3,5";"";"0,0"
"09/01/2025";"0400";"13,5";"13,7";"13,4";"92,0";"93,0";"92,0";"12,2";"12,5";"12,2";"859,4";"860,1";"859,4";"1,3";"63,0";"3,6";"";"0,0"
"09/01/2025";"0500";"13,8";"13,9";"13,3";"91,0";"93,0";"91,0";"12,3";"12,4";"12,1";"858,9";"859,4";"858,9";"0,7";"50,0";"2,6";"";"0,0"
"09/01/2025";"0600";"13,4";"13,9";"13,2";"92,0";"93,0";"91,0";"12,1";"12,4";"12,0";"858,5";"858,9";"858,3";"1,0";"36,0";"2,9";"";"0,0"
"09/01/2025";"0700";"13,5";"13,7";"13,4";"93,0";"93,0";"91,0";"12,4";"12,4";"12,1";"858,6";"858,6";"858,5";"1,0";"32,0";"2,5";"";"0,0"
"09/01/2025";"0800";"13,5";"13,7";"13,5";"92,0";"93,0";"91,0";"12,3";"12,4";"12,2";"859,0";"859,0";"858,6";"0,9";"33,0";"2,4";"";"0,0"
"09/01/2025";"0900";"13,5";"13,6";"13,5";"93,0";"93,0";"92,0";"12,5";"12,5";"12,3";"859,5";"859,6";"859,0";"0,2";"2,0";"2,4";"13,40";"0,0"
"09/01/2025";"1000";"14,0";"14,0";"13,4";"92,0";"94,0";"92,0";"12,7";"12,7";"12,4";"860,0";"860,0";"859,5";"0,6";"21,0";"1,8";"214,10";"0,0"
"09/01/2025";"1100";"15,7";"15,7";"13,9";"87,0";"92,0";"87,0";"13,5";"13,7";"12,6";"860,2";"860,3";"860,0";"1,2";"30,0";"2,8";"848,90";"0,0"
"09/01/2025";"1200";"15,6";"16,0";"14,9";"84,0";"87,0";"81,0";"13,0";"13,4";"12,4";"860,5";"860,6";"860,2";"0,6";"1,0";"3,3";"1125,30";"0,0"
"09/01/2025";"1300";"17,6";"18,3";"15,6";"73,0";"87,0";"72,0";"12,7";"14,2";"12,4";"860,5";"860,5";"860,4";"0,9";"12,0";"2,5";"2580,90";"0,0"
"09/01/2025";"1400";"19,8";"20,3";"17,5";"71,0";"79,0";"70,0";"14,4";"15,5";"12,6";"860,4";"860,6";"860,4";"0,5";"344,0";"3,0";"3363,30";"0,0"
"09/01/2025";"1500";"19,4";"21,4";"18,1";"68,0";"74,0";"61,0";"13,4";"14,8";"12,1";"860,2";"860,4";"860,2";"1,1";"321,0";"3,8";"3242,60";"0,0"
"09/01/2025";"1600";"21,0";"21,6";"19,4";"58,0";"72,0";"57,0";"12,4";"15,2";"12,1";"859,6";"860,2";"859,6";"0,9";"335,0";"3,9";"4288,70";"0,0"
"09/01/2025";"1700";"17,8";"22,1";"17,8";"79,0";"80,0";"56,0";"14,0";"14,7";"11,8";"859,4";"859,6";"859,4";"1,5";"121,0";"3,6";"2658,30";"0,0"
"09/01/2025";"1800";"17,2";"17,9";"16,0";"91,0";"94,0";"78,0";"15,6";"16,0";"13,9";"859,3";"859,5";"859,2";"1,4";"124,0";"3,3";"1302,00";"3,2"
"09/01/2025";"1900";"18,3";"18,8";"16,9";"77,0";"90,0";"76,0";"14,2";"16,1";"14,2";"858,7";"859,3";"858,7";"2,4";"80,0";"4,2";"3175,80";"0,2"
"09/01/2025";"2000";"17,8";"19,5";"17,8";"81,0";"83,0";"75,0";"14,5";"16,0";"13,8";"858,7";"858,7";"858,5";"2,0";"100,0";"3,9";"1986,20";"0,0"
"09/01/2025";"2100";"16,3";"17,8";"16,3";"86,0";"86,0";"81,0";"13,9";"14,7";"13,8";"858,9";"859,0";"858,6";"1,5";"113,0";"3,6";"300,90";"0,0"
"09/01/2025";"2200";"15,7";"16,4";"15,7";"89,0";"89,0";"85,0";"13,9";"14,4";"13,9";"859,0";"859,1";"858,8";"1,6";"95,0";"3,2";"359,70";"0,0"
"09/01/2025";"2300";"14,7";"15,7";"14,7";"93,0";"93,0";"89,0";"13,5";"14,0";"13,4";"859,3";"859,3";"859,0";"1,4";"109,0";"2,9";"23,30";"0,0"
"10/01/2025";"0000";"14,5";"14,7";"14,5";"93,0";"94,0";"92,0";"13,3";"13,6";"13,3";"859,7";"859,7";"859,3";"2,0";"98,0";"3,4";"";"0,0"
"10/01/2025";"0100";"14,1";"14,5";"14,1";"92,0";"94,0";"92,0";"12,9";"13,4";"12,9";"860,0";"860,0";"859,7";"1,9";"67,0";"3,6";"";"0,0"
"10/01/2025";"0200";"13,8";"14,1";"13,7";"93,0";"93,0";"92,0";"12,7";"12,9";"12,6";"860,1";"860,2";"860,0";"1,1";"77,0";"3,1";"";"0,0"
"10/01/2025";"0300";"14,0";"14,0";"13,6";"91,0";"93,0";"91,0";"12,5";"12,6";"12,4";"859,7";"860,1";"859,7";"1,1";"62,0";"2,4";"";"0,0"
"10/01/2025";"0400";"13,8";"14,0";"13,7";"93,0";"93,0";"91,0";"12,6";"12,6";"12,4";"859,1";"859,7";"859,0";"0,8";"43,0";"2,3";"";"0,0"
"10/01/2025";"0500";"13,8";"13,9";"13,8";"93,0";"94,0";"92,0";"12,6";"12,8";"12,6";"859,1";"859,1";"859,0";"0,3";"15,0";"1,8";"";"0,0"
"10/01/2025";"0600";"13,4";"13,8";"13,4";"96,0";"96,0";"93,0";"12,7";"12,8";"12,6";"858,6";"859,1";"858,6";"0,2";"13,0";"1,3";"";"0,0"
"10/01/2025";"0700";"13,2";"13,4";"13,2";"94,0";"96,0";"94,0";"12,2";"12,7";"12,2";"858,6";"858,7";"858,5";"0,3";"357,0";"2,0";"";"0,0"
"10/01/2025";"0800";"12,8";"13,2";"12,8";"95,0";"95,0";"94,0";"12,1";"12,2";"12,0";"858,8";"858,8";"858,5";"0,5";"2,0";"2,2";"";"0,0"
"10/01/2025";"0900";"12,8";"12,9";"12,8";"96,0";"96,0";"95,0";"12,3";"12,3";"12,1";"859,4";"859,4";"858,8";"0,4";"354,0";"2,4";"13,30";"0,0"
"10/01/2025";"1000";"13,0";"13,0";"12,8";"95,0";"96,0";"95,0";"12,3";"12,3";"12,1";"859,7";"859,7";"859,4";"0,4";"358,0";"2,5";"191,90";"0,0"
"10/01/2025";"1100";"13,8";"13,8";"12,9";"92,0";"96,0";"92,0";"12,5";"12,5";"12,0";"860,1";"860,1";"859,7";"0,8";"354,0";"2,9";"590,80";"0,0"
"10/01/2025";"1200";"15,4";"15,4";"13,5";"86,0";"92,0";"85,0";"13,1";"13,2";"12,0";"860,2";"860,2";"860,0";"0,9";"7,0";"2,9";"1705,60";"0,0"
"10/01/2025";"1300";"16,5";"17,3";"15,0";"78,0";"87,0";"78,0";"12,6";"14,3";"12,3";"860,5";"860,5";"860,2";"0,9";"337,0";"2,4";"2524,60";"0,0"
"10/01/2025";"1400";"17,5";"19,3";"16,3";"77,0";"82,0";"71,0";"13,5";"15,4";"12,4";"860,6";"860,6";"860,4";"0,6";"358,0";"2,4";"2590,70";"0,0"
"10/01/2025";"1500";"19,3";"19,9";"17,5";"69,0";"79,0";"66,0";"13,6";"14,9";"12,6";"860,2";"860,6";"860,2";"0,7";"250,0";"1,9";"3262,20";"0,0"
"10/01/2025";"1600";"20,6";"21,6";"19,0";"58,0";"72,0";"55,0";"12,0";"15,4";"11,9";"859,6";"860,2";"859,6";"1,1";"232,0";"2,4";"2992,40";"0,0"
"10/01/2025";"1700";"20,6";"22,3";"20,4";"62,0";"66,0";"57,0";"13,0";"15,2";"12,1";"859,3";"859,7";"859,3";"1,1";"192,0";"2,5";"2425,70";"0,0"
"10/01/2025";"1800";"20,5";"20,8";"19,2";"72,0";"78,0";"62,0";"15,4";"16,0";"12,7";"858,8";"859,3";"858,8";"2,0";"110,0";"3,2";"1376,70";"0,0"
"10/01/2025";"1900";"20,2";"20,5";"19,0";"69,0";"75,0";"69,0";"14,4";"15,5";"14,1";"858,2";"858,8";"858,1";"2,0";"118,0";"4,7";"2158,10";"0,0"
"10/01/2025";"2000";"17,9";"20,2";"17,9";"77,0";"77,0";"68,0";"13,8";"14,5";"13,7";"858,3";"858,3";"858,1";"2,7";"93,0";"5,0";"912,40";"0,0"
"10/01/2025";"2100";"16,8";"17,9";"16,8";"80,0";"81,0";"76,0";"13,4";"13,9";"13,4";"858,6";"858,6";"858,1";"1,5";"121,0";"4,4";"404,00";"0,0"
"10/01/2025";"2200";"16,0";"16,8";"16,0";"83,0";"84,0";"80,0";"13,1";"13,6";"12,9";"858,9";"858,9";"858,6";"2,0";"108,0";"3,2";"168,60";"0,0"
"10/01/2025";"2300";"15,0";"16,0";"15,0";"89,0";"89,0";"83,0";"13,3";"13,4";"13,2";"859,1";"859,5";"858,9";"1,7";"86,0";"3,2";"8,20";"0,0"
"11/01/2025";"0000";"14,6";"15,1";"14,6";"90,0";"90,0";"89,0";"13,0";"13,3";"12,9";"859,0";"859,2";"859,0";"1,3";"107,0";"2,8";"";"0,0"
"11/01/2025";"0100";"14,2";"14,6";"14,1";"92,0";"92,0";"90,0";"12,9";"13,0";"12,9";"859,4";"859,4";"859,0";"1,0";"112,0";"2,5";"";"0,0"
"11/01/2025";"0200";"14,1";"14,2";"14,1";"93,0";"93,0";"92,0";"13,1";"13,1";"12,9";"859,4";"859,5";"859,3";"1,3";"101,0";"2,4";"";"0,0"
"11/01/2025";"0300";"14,2";"14,3";"14,1";"92,0";"94,0";"92,0";"13,0";"13,2";"12,9";"859,4";"859,6";"859,2";"0,6";"78,0";"2,4";"";"0,0"
"11/01/2025";"0400";"14,4";"14,5";"14,2";"91,0";"92,0";"91,0";"13,0";"13,1";"12,9";"859,0";"859,4";"858,6";"0,7";"19,0";"2,5";"";"0,0"
"11/01/2025";"0500";"13,9";"14,5";"13,9";"96,0";"96,0";"91,0";"13,3";"13,4";"13,0";"858,5";"859,0";"858,5";"0,2";"7,0";"1,5";"";"0,2"
"11/01/2025";"0600";"13,7";"13,9";"13,7";"97,0";"97,0";"96,0";"13,1";"13,3";"13,1";"858,0";"858,5";"857,9";"0,1";"26,0";"2,1";"";"0,0"
"11/01/2025";"0700";"13,6";"13,7";"13,5";"97,0";"97,0";"97,0";"13,2";"13,2";"13,0";"857,9";"858,0";"857,8";"0,2";"15,0";"1,6";"";"0,0"
"11/01/2025";"0800";"13,7";"13,7";"13,6";"96,0";"97,0";"96,0";"13,1";"13,2";"13,0";"858,1";"858,1";"857,9";"0,1";"53,0";"1,3";"";"0,0"
"11/01/2025";"0900";"13,7";"13,7";"13,6";"94,0";"96,0";"94,0";"12,8";"13,1";"12,8";"858,4";"858,4";"858,1";"0,1";"29,0";"1,2";"7,90";"0,0"
"11/01/2025";"1000";"14,2";"14,2";"13,7";"92,0";"94,0";"92,0";"12,9";"12,9";"12,7";"858,4";"858,4";"858,3";"1,3";"32,0";"3,2";"195,10";"0,0"
"11/01/2025";"1100";"15,0";"15,1";"14,2";"88,0";"92,0";"88,0";"13,1";"13,3";"12,8";"859,3";"859,3";"858,4";"0,1";"152,0";"2,4";"479,60";"0,0"
"11/01/2025";"1200";"15,7";"15,8";"14,9";"84,0";"89,0";"83,0";"13,0";"13,5";"12,8";"859,7";"859,7";"859,3";"0,7";"81,0";"1,6";"623,20";"0,0"
"11/01/2025";"1300";"14,9";"15,9";"14,9";"91,0";"92,0";"84,0";"13,5";"13,8";"13,0";"860,0";"860,0";"859,7";"0,9";"76,0";"1,6";"453,70";"2,0"
"11/01/2025";"1400";"15,4";"15,4";"14,8";"90,0";"92,0";"90,0";"13,7";"14,0";"13,3";"860,2";"860,2";"860,0";"0,2";"57,0";"1,6";"594,80";"0,2"
"11/01/2025";"1500";"15,4";"15,6";"15,2";"93,0";"93,0";"89,0";"14,2";"14,3";"13,5";"860,1";"860,2";"860,1";"0,6";"92,0";"1,4";"716,60";"2,0"
"11/01/2025";"1600";"15,4";"15,6";"15,1";"94,0";"94,0";"92,0";"14,4";"14,6";"13,8";"859,8";"860,1";"859,8";"0,2";"95,0";"1,5";"700,70";"3,2"
"11/01/2025";"1700";"15,7";"16,2";"15,4";"92,0";"95,0";"90,0";"14,5";"15,1";"14,1";"859,5";"859,8";"859,5";"1,4";"107,0";"2,8";"1180,70";"0,0"
"11/01/2025";"1800";"17,3";"17,3";"15,7";"88,0";"93,0";"87,0";"15,3";"15,3";"14,3";"859,1";"859,5";"859,1";"1,8";"116,0";"3,6";"2008,30";"0,0"
"11/01/2025";"1900";"17,1";"18,1";"16,9";"85,0";"88,0";"81,0";"14,6";"15,6";"14,2";"858,8";"859,1";"858,8";"1,7";"113,0";"3,6";"2411,40";"0,0"
"11/01/2025";"2000";"15,9";"17,2";"15,5";"87,0";"89,0";"83,0";"13,8";"14,8";"13,6";"858,6";"858,8";"858,6";"2,4";"109,0";"4,2";"1196,00";"0,0"
"11/01/2025";"2100";"14,7";"16,4";"14,6";"90,0";"90,0";"86,0";"13,1";"14,4";"13,0";"858,9";"858,9";"858,5";"2,9";"109,0";"4,6";"896,80";"0,0"
"11/01/2025";"2200";"13,4";"14,7";"13,4";"93,0";"93,0";"89,0";"12,3";"13,1";"12,2";"859,4";"859,4";"858,8";"2,4";"111,0";"4,6";"110,60";"0,0"
"11/01/2025";"2300";"12,3";"13,4";"12,3";"95,0";"95,0";"93,0";"11,5";"12,3";"11,4";"860,0";"860,0";"859,4";"2,3";"113,0";"4,6";"4,70";"0,2"
"12/01/2025";"0000";"12,4";"12,5";"12,3";"94,0";"95,0";"93,0";"11,5";"11,5";"11,4";"860,5";"860,5";"859,9";"2,2";"121,0";"4,8";"";"0,0"
"12/01/2025";"0100";"12,0";"12,4";"12,0";"94,0";"95,0";"94,0";"11,0";"11,6";"11,0";"860,8";"860,9";"860,4";"1,8";"118,0";"4,8";"";"0,0"
"12/01/2025";"0200";"11,3";"12,0";"11,3";"91,0";"94,0";"90,0";"9,8";"11,0";"9,8";"860,7";"860,9";"860,7";"2,4";"100,0";"4,6";"";"0,0"
"12/01/2025";"0300";"11,5";"11,5";"11,2";"89,0";"91,0";"89,0";"9,8";"10,0";"9,7";"860,5";"860,7";"860,4";"2,1";"105,0";"4,6";"";"0,0"
"12/01/2025";"0400";"11,8";"11,9";"11,5";"86,0";"90,0";"86,0";"9,5";"10,1";"9,5";"860,1";"860,5";"860,1";"2,1";"107,0";"5,1";"";"0,0"
"12/01/2025";"0500";"11,9";"11,9";"11,6";"83,0";"87,0";"83,0";"9,1";"9,5";"9,1";"859,7";"860,1";"859,7";"1,8";"109,0";"3,7";"";"0,0"
"12/01/2025";"0600";"11,6";"11,9";"11,5";"85,0";"86,0";"83,0";"9,3";"9,3";"9,1";"859,6";"859,7";"859,5";"1,3";"117,0";"3,4";"";"0,0"
"12/01/2025";"0700";"11,5";"11,6";"11,1";"90,0";"92,0";"85,0";"9,8";"9,9";"9,2";"859,7";"859,8";"859,5";"1,6";"106,0";"3,3";"";"0,0"
"12/01/2025";"0800";"10,9";"11,6";"10,9";"88,0";"90,0";"85,0";"9,1";"9,7";"9,1";"860,1";"860,1";"859,7";"1,3";"107,0";"3,3";"";"0,0"
"12/01/2025";"0900";"10,5";"11,0";"10,4";"91,0";"91,0";"88,0";"9,0";"9,1";"8,7";"860,5";"860,5";"860,1";"1,3";"115,0";"2,3";"17,30";"0,0"
"12/01/2025";"1000";"11,6";"11,6";"10,5";"85,0";"91,0";"85,0";"9,1";"9,5";"9,1";"860,8";"860,8";"860,5";"1,5";"103,0";"2,9";"279,50";"0,0"
"12/01/2025";"1100";"13,4";"13,5";"11,6";"81,0";"85,0";"80,0";"10,1";"10,5";"9,1";"861,2";"861,3";"860,8";"1,6";"113,0";"2,9";"995,20";"0,0"
"12/01/2025";"1200";"16,2";"16,2";"13,4";"75,0";"82,0";"74,0";"11,8";"11,8";"10,3";"861,5";"861,5";"861,2";"0,9";"110,0";"2,6";"2037,20";"0,0"
"12/01/2025";"1300";"16,5";"17,4";"15,7";"72,0";"77,0";"69,0";"11,5";"12,3";"10,8";"861,5";"861,5";"861,4";"1,2";"114,0";"2,6";"2551,90";"0,0"
"12/01/2025";"1400";"17,1";"17,8";"15,5";"77,0";"77,0";"70,0";"13,0";"13,0";"11,2";"861,4";"861,6";"861,4";"1,4";"146,0";"3,3";"2645,10";"0,0"
"12/01/2025";"1500";"17,8";"18,5";"17,0";"66,0";"77,0";"63,0";"11,5";"13,5";"10,9";"861,1";"861,4";"861,0";"1,4";"146,0";"3,4";"3319,60";"0,0"
"12/01/2025";"1600";"17,9";"19,7";"17,5";"63,0";"70,0";"59,0";"10,7";"13,5";"10,7";"860,3";"861,1";"860,3";"1,7";"135,0";"3,7";"2936,20";"0,0"
"12/01/2025";"1700";"18,6";"19,3";"17,9";"63,0";"66,0";"59,0";"11,3";"12,4";"10,5";"860,0";"860,3";"860,0";"1,3";"114,0";"3,8";"1806,20";"0,0"
"12/01/2025";"1800";"18,1";"20,3";"18,1";"66,0";"68,0";"57,0";"11,7";"13,2";"10,5";"859,6";"860,0";"859,6";"2,2";"112,0";"3,8";"2221,60";"0,0"
"12/01/2025";"1900";"18,0";"19,7";"17,3";"69,0";"70,0";"62,0";"12,2";"13,3";"11,3";"859,2";"859,6";"859,2";"2,5";"110,0";"5,2";"1983,80";"0,0"
"12/01/2025";"2000";"16,8";"18,2";"16,8";"74,0";"74,0";"66,0";"12,1";"12,3";"11,1";"858,9";"859,2";"858,9";"1,5";"136,0";"4,9";"1543,00";"0,0"
"12/01/2025";"2100";"15,8";"17,9";"15,8";"79,0";"80,0";"68,0";"12,2";"12,6";"11,5";"859,3";"859,3";"858,9";"1,6";"132,0";"4,5";"876,00";"0,0"
"12/01/2025";"2200";"14,3";"15,8";"14,3";"87,0";"87,0";"79,0";"12,1";"12,5";"11,7";"859,8";"859,8";"859,3";"2,0";"111,0";"4,5";"179,30";"0,0"
"12/01/2025";"2300";"13,3";"14,3";"13,3";"90,0";"90,0";"86,0";"11,7";"12,1";"11,7";"860,0";"860,1";"859,8";"1,7";"118,0";"4,0";"13,70";"0,0"
"13/01/2025";"0000";"12,8";"13,3";"12,8";"92,0";"92,0";"90,0";"11,5";"11,7";"11,5";"860,3";"860,3";"860,0";"2,0";"115,0";"4,5";"";"0,0"
"13/01/2025";"0100";"12,8";"12,9";"12,7";"93,0";"93,0";"92,0";"11,8";"11,9";"11,5";"860,5";"860,5";"860,3";"2,4";"107,0";"4,5";"";"0,0"
"13/01/2025";"0200";"12,2";"12,8";"12,2";"93,0";"94,0";"93,0";"11,1";"11,8";"11,1";"860,5";"860,7";"860,5";"1,9";"105,0";"4,6";"";"0,0"
"13/01/2025";"0300";"11,9";"12,2";"11,9";"93,0";"93,0";"91,0";"10,8";"11,1";"10,7";"860,7";"860,8";"860,5";"1,7";"99,0";"4,4";"";"0,0"
"13/01/2025";"0400";"11,6";"11,9";"11,6";"91,0";"93,0";"91,0";"10,2";"10,7";"10,2";"860,3";"860,7";"860,3";"1,4";"64,0";"2,8";"";"0,0"
"13/01/2025";"0500";"11,2";"11,6";"11,2";"89,0";"91,0";"89,0";"9,5";"10,2";"9,5";"859,7";"860,3";"859,7";"1,6";"72,0";"3,0";"";"0,0"
"13/01/2025";"0600";"10,3";"11,2";"10,2";"91,0";"91,0";"88,0";"8,9";"9,5";"8,8";"859,4";"859,7";"859,4";"0,4";"30,0";"3,0";"";"0,0"
"13/01/2025";"0700";"10,8";"10,9";"9,9";"90,0";"93,0";"90,0";"9,3";"9,5";"8,6";"859,2";"859,4";"859,1";"1,5";"55,0";"2,6";"";"0,0"
"13/01/2025";"0800";"10,7";"11,0";"10,6";"90,0";"91,0";"90,0";"9,1";"9,4";"9,1";"858,7";"859,2";"858,7";"1,1";"68,0";"2,8";"";"0,0"
"13/01/2025";"0900";"11,5";"11,9";"10,6";"85,0";"90,0";"83,0";"9,1";"9,4";"8,7";"859,0";"859,0";"858,6";"0,2";"4,0";"2,3";"24,60";"0,0"
"13/01/2025";"1000";"12,5";"13,2";"10,9";"82,0";"87,0";"79,0";"9,6";"9,9";"8,4";"859,5";"859,5";"858,9";"0,4";"328,0";"1,5";"558,10";"0,0"
"13/01/2025";"1100";"14,0";"14,0";"12,5";"79,0";"83,0";"77,0";"10,5";"10,6";"9,5";"860,1";"860,1";"859,5";"0,3";"336,0";"1,5";"1467,20";"0,0"
"13/01/2025";"1200";"16,2";"16,2";"13,9";"77,0";"80,0";"72,0";"12,1";"12,1";"10,1";"860,4";"860,4";"860,1";"0,4";"353,0";"2,2";"2328,40";"0,0"
"13/01/2025";"1300";"17,3";"17,6";"15,4";"67,0";"77,0";"67,0";"11,2";"12,4";"10,6";"860,6";"860,6";"860,4";"0,3";"348,0";"2,2";"2352,90";"0,0"
"13/01/2025";"1400";"19,0";"19,1";"16,9";"64,0";"71,0";"63,0";"12,1";"13,2";"10,6";"860,4";"860,6";"860,3";"0,9";"269,0";"2,1";"3072,60";"0,0"
"13/01/2025";"1500";"18,8";"20,5";"17,7";"62,0";"67,0";"55,0";"11,3";"12,8";"10,2";"860,2";"860,4";"860,2";"0,6";"212,0";"2,1";"2964,90";"0,0"
"13/01/2025";"1600";"20,2";"20,2";"18,0";"57,0";"67,0";"55,0";"11,3";"12,5";"10,1";"859,9";"860,2";"859,8";"1,5";"210,0";"3,4";"2628,80";"0,0"
"13/01/2025";"1700";"18,1";"20,4";"17,6";"69,0";"71,0";"51,0";"12,4";"12,7";"9,5";"859,6";"859,9";"859,6";"1,7";"115,0";"4,1";"1690,20";"0,0"
"13/01/2025";"1800";"17,4";"19,8";"17,4";"72,0";"73,0";"64,0";"12,3";"13,8";"11,7";"859,3";"859,6";"859,3";"2,1";"113,0";"4,0";"1965,40";"0,0"
"13/01/2025";"1900";"18,5";"19,9";"17,4";"68,0";"73,0";"62,0";"12,4";"13,8";"11,8";"858,9";"859,4";"858,9";"1,6";"110,0";"4,0";"2016,00";"0,0"
"13/01/2025";"2000";"17,1";"19,6";"17,1";"75,0";"75,0";"64,0";"12,7";"13,8";"11,9";"858,5";"858,9";"858,5";"2,0";"112,0";"4,0";"1050,40";"0,0"
"13/01/2025";"2100";"16,2";"17,1";"16,2";"80,0";"80,0";"75,0";"12,7";"12,8";"12,4";"858,6";"858,6";"858,5";"1,7";"111,0";"4,3";"410,30";"0,0"
"13/01/2025";"2200";"15,4";"16,3";"15,4";"83,0";"83,0";"78,0";"12,6";"12,9";"12,4";"858,8";"858,8";"858,6";"1,4";"114,0";"3,7";"323,00";"0,0"
"13/01/2025";"2300";"13,8";"15,4";"13,8";"90,0";"90,0";"83,0";"12,1";"12,6";"12,1";"858,9";"859,0";"858,8";"1,6";"100,0";"3,2";"33,00";"0,0"
"14/01/2025";"0000";"13,0";"13,9";"13,0";"92,0";"92,0";"89,0";"11,7";"12,2";"11,7";"859,4";"859,4";"858,9";"1,5";"112,0";"3,5";"";"0,0"
"14/01/2025";"0100";"12,9";"13,1";"12,9";"93,0";"93,0";"92,0";"11,8";"12,1";"11,6";"859,8";"859,8";"859,4";"1,5";"109,0";"3,6";"";"0,0"
"14/01/2025";"0200";"13,0";"13,2";"12,9";"93,0";"93,0";"92,0";"11,9";"12,0";"11,7";"859,9";"860,0";"859,8";"2,1";"102,0";"3,6";"";"0,0"
"14/01/2025";"0300";"12,4";"13,1";"12,4";"93,0";"93,0";"92,0";"11,3";"11,8";"11,3";"859,7";"859,9";"859,7";"1,1";"74,0";"3,6";"";"0,0"
"14/01/2025";"0400";"12,4";"12,6";"12,3";"92,0";"94,0";"92,0";"11,2";"11,5";"11,1";"859,3";"859,7";"859,3";"0,9";"56,0";"2,5";"";"0,0"
"14/01/2025";"0500";"12,3";"12,7";"12,2";"93,0";"94,0";"92,0";"11,3";"11,6";"11,0";"858,7";"859,3";"858,6";"0,9";"19,0";"2,9";"";"0,0"
"14/01/2025";"0600";"12,5";"12,6";"12,3";"94,0";"94,0";"93,0";"11,5";"11,5";"11,3";"858,2";"858,7";"858,2";"0,4";"2,0";"2,2";"";"0,0"
"14/01/2025";"0700";"12,3";"12,5";"12,3";"92,0";"94,0";"92,0";"11,1";"11,5";"11,1";"858,3";"858,4";"858,2";"0,5";"16,0";"2,6";"";"0,0"
"14/01/2025";"0800";"11,8";"12,3";"11,5";"93,0";"93,0";"92,0";"10,7";"11,1";"10,4";"858,5";"858,5";"858,2";"0,1";"6,0";"2,1";"";"0,0"
"14/01/2025";"0900";"11,4";"11,9";"10,8";"93,0";"94,0";"92,0";"10,2";"10,7";"9,8";"859,0";"859,0";"858,5";"0,6";"24,0";"1,9";"24,60";"0,0"
"14/01/2025";"1000";"13,4";"13,4";"11,3";"84,0";"93,0";"84,0";"10,7";"10,7";"10,1";"859,6";"859,6";"859,0";"0,5";"347,0";"3,0";"542,20";"0,0"
"14/01/2025";"1100";"15,0";"15,0";"13,4";"77,0";"83,0";"76,0";"10,9";"11,3";"10,3";"860,0";"860,0";"859,5";"0,8";"358,0";"2,9";"1446,50";"0,0"
"14/01/2025";"1200";"17,0";"17,1";"14,9";"73,0";"79,0";"71,0";"12,1";"12,7";"11,0";"860,0";"860,1";"860,0";"0,8";"8,0";"2,2";"2331,00";"0,0"
"14/01/2025";"1300";"18,3";"18,8";"16,9";"68,0";"73,0";"66,0";"12,3";"13,1";"11,2";"860,1";"860,2";"860,0";"0,9";"325,0";"2,9";"3054,20";"0,0"
"14/01/2025";"1400";"20,3";"20,5";"17,5";"62,0";"71,0";"56,0";"12,7";"13,3";"10,9";"860,0";"860,2";"859,9";"0,8";"260,0";"2,8";"3559,00";"0,0"
"14/01/2025";"1500";"21,1";"21,7";"19,2";"51,0";"64,0";"49,0";"10,6";"12,8";"10,1";"859,7";"860,0";"859,7";"0,9";"271,0";"2,8";"3362,70";"0,0"
"14/01/2025";"1600";"22,2";"22,2";"19,8";"53,0";"59,0";"46,0";"12,3";"12,6";"9,1";"859,5";"859,7";"859,5";"0,9";"195,0";"3,2";"3756,80";"0,0"
"14/01/2025";"1700";"21,0";"22,2";"20,5";"52,0";"57,0";"44,0";"10,8";"12,2";"8,7";"859,2";"859,5";"859,2";"1,0";"223,0";"3,1";"2199,60";"0,0"
"14/01/2025";"1800";"19,8";"21,6";"19,2";"70,0";"74,0";"48,0";"14,1";"14,8";"9,7";"859,0";"859,3";"858,9";"1,9";"124,0";"4,0";"1448,80";"0,0"
"14/01/2025";"1900";"20,0";"20,6";"19,4";"68,0";"71,0";"65,0";"13,8";"14,7";"13,5";"858,4";"859,0";"858,4";"2,7";"105,0";"4,5";"2571,60";"0,0"
"14/01/2025";"2000";"20,5";"20,7";"19,9";"67,0";"69,0";"64,0";"14,2";"14,6";"13,2";"858,1";"858,4";"858,1";"2,0";"96,0";"4,9";"2487,10";"0,0"
"14/01/2025";"2100";"19,3";"20,8";"19,0";"69,0";"72,0";"64,0";"13,6";"14,2";"13,0";"858,2";"858,3";"858,1";"1,3";"116,0";"4,0";"1017,90";"0,0"
"14/01/2025";"2200";"17,1";"19,3";"17,1";"82,0";"82,0";"69,0";"14,0";"14,2";"13,5";"858,5";"858,5";"858,2";"1,6";"103,0";"4,1";"367,10";"0,0"
"14/01/2025";"2300";"15,5";"17,1";"15,5";"91,0";"91,0";"82,0";"14,0";"14,1";"13,9";"858,9";"858,9";"858,5";"1,6";"114,0";"2,9";"13,90";"0,0"
"15/01/2025";"0000";"15,3";"15,6";"15,2";"90,0";"91,0";"90,0";"13,7";"14,1";"13,6";"859,0";"859,0";"858,8";"1,4";"85,0";"3,2";"";"0,0"
"15/01/2025";"0100";"15,2";"15,3";"15,1";"88,0";"90,0";"88,0";"13,2";"13,7";"13,2";"859,7";"859,7";"859,0";"1,1";"51,0";"3,1";"";"0,0"
"15/01/2025";"0200";"14,9";"15,2";"14,9";"90,0";"90,0";"88,0";"13,2";"13,3";"13,0";"859,9";"859,9";"859,7";"0,8";"20,0";"3,0";"";"0,0"
"15/01/2025";"0300";"14,3";"14,9";"14,3";"90,0";"92,0";"90,0";"12,8";"13,3";"12,8";"859,9";"860,2";"859,9";"1,3";"19,0";"3,3";"";"0,0"
"15/01/2025";"0400";"14,1";"14,3";"14,1";"92,0";"92,0";"90,0";"12,7";"12,8";"12,7";"859,6";"859,9";"859,6";"0,7";"10,0";"3,5";"";"0,0"
"15/01/2025";"0500";"13,7";"14,1";"13,6";"92,0";"92,0";"91,0";"12,4";"12,8";"12,3";"859,3";"859,7";"859,3";"0,6";"360,0";"3,1";"";"0,0"
"15/01/2025";"0600";"13,5";"13,7";"13,5";"92,0";"92,0";"91,0";"12,2";"12,4";"12,2";"859,3";"859,4";"859,1";"0,5";"5,0";"3,5";"";"0,0"
"15/01/2025";"0700";"13,3";"13,5";"13,3";"93,0";"93,0";"92,0";"12,3";"12,3";"12,1";"859,1";"859,4";"859,1";"1,0";"3,0";"3,9";"";"0,0"
"15/01/2025";"0800";"13,4";"13,5";"13,3";"93,0";"93,0";"93,0";"12,3";"12,3";"12,2";"859,7";"859,7";"859,1";"0,8";"5,0";"4,1";"";"0,0"
"15/01/2025";"0900";"13,3";"13,4";"13,3";"93,0";"93,0";"92,0";"12,2";"12,3";"12,1";"860,1";"860,1";"859,7";"0,8";"7,0";"3,6";"28,80";"0,0"
"15/01/2025";"1000";"13,8";"13,9";"13,2";"90,0";"93,0";"90,0";"12,2";"12,5";"12,0";"860,4";"860,4";"860,1";"1,0";"341,0";"3,1";"525,50";"0,0"
"15/01/2025";"1100";"15,1";"15,1";"13,7";"85,0";"90,0";"84,0";"12,5";"12,8";"12,1";"860,6";"860,6";"860,4";"0,4";"349,0";"3,1";"1328,50";"0,0"
"15/01/2025";"1200";"17,8";"18,2";"15,1";"75,0";"86,0";"72,0";"13,4";"13,9";"12,3";"860,9";"860,9";"860,5";"0,4";"354,0";"2,2";"1969,90";"0,0"
"15/01/2025";"1300";"19,7";"20,3";"17,8";"63,0";"76,0";"62,0";"12,4";"14,3";"12,4";"861,0";"861,1";"860,9";"0,7";"350,0";"2,6";"3022,90";"0,0"
"15/01/2025";"1400";"21,6";"21,8";"19,6";"60,0";"66,0";"58,0";"13,6";"14,0";"11,9";"861,1";"861,2";"861,0";"0,7";"9,0";"2,4";"2928,90";"0,0"
"15/01/2025";"1500";"21,3";"21,7";"20,3";"59,0";"64,0";"57,0";"13,1";"13,7";"12,1";"860,9";"861,2";"860,9";"0,5";"315,0";"2,2";"2146,20";"0,0"
"15/01/2025";"1600";"21,9";"22,4";"20,5";"62,0";"64,0";"57,0";"14,4";"14,9";"12,2";"860,6";"860,9";"860,6";"0,9";"340,0";"3,9";"2569,10";"0,0"
"15/01/2025";"1700";"21,8";"24,3";"21,4";"55,0";"62,0";"50,0";"12,3";"15,7";"11,9";"860,2";"860,6";"860,1";"0,8";"277,0";"3,9";"3861,10";"0,0"
"15/01/2025";"1800";"19,7";"21,8";"19,7";"69,0";"70,0";"55,0";"13,8";"14,6";"12,4";"860,2";"860,3";"860,1";"1,3";"113,0";"3,2";"370,00";"0,0"
"15/01/2025";"1900";"19,1";"19,7";"19,1";"72,0";"72,0";"68,0";"14,0";"14,1";"13,6";"860,1";"860,2";"860,1";"1,9";"92,0";"3,3";"261,50";"0,0"
"15/01/2025";"2000";"17,9";"19,1";"17,8";"80,0";"82,0";"73,0";"14,4";"14,7";"14,1";"859,9";"860,1";"859,9";"1,2";"98,0";"3,3";"122,10";"0,2"
"15/01/2025";"2100";"18,2";"18,2";"17,6";"82,0";"84,0";"79,0";"15,0";"15,1";"14,3";"859,9";"860,0";"859,8";"0,9";"70,0";"2,2";"167,20";"0,4"
"15/01/2025";"2200";"18,2";"18,5";"18,2";"76,0";"83,0";"76,0";"13,9";"15,2";"13,9";"860,5";"860,5";"859,9";"0,2";"69,0";"2,0";"213,70";"0,0"
"15/01/2025";"2300";"17,7";"18,2";"17,6";"76,0";"78,0";"75,0";"13,5";"14,1";"13,4";"861,1";"861,1";"860,3";"0,2";"55,0";"1,7";"17,70";"0,0"
"16/01/2025";"0000";"16,8";"17,7";"16,6";"78,0";"79,0";"76,0";"13,0";"13,4";"12,9";"861,2";"861,4";"861,1";"1,3";"22,0";"2,6";"";"0,0"
"16/01/2025";"0100";"15,8";"16,8";"15,6";"86,0";"87,0";"78,0";"13,5";"13,5";"13,0";"861,5";"861,6";"861,2";"1,0";"9,0";"3,1";"";"0,0"
"16/01/2025";"0200";"15,2";"15,8";"15,1";"91,0";"91,0";"86,0";"13,8";"13,8";"13,5";"861,9";"861,9";"861,5";"0,6";"6,0";"3,6";"";"0,0"
"16/01/2025";"0300";"15,1";"15,3";"15,1";"90,0";"92,0";"90,0";"13,4";"13,9";"13,4";"861,7";"862,0";"861,7";"1,6";"22,0";"3,6";"";"0,0"
"16/01/2025";"0400";"14,6";"15,1";"14,6";"90,0";"90,0";"89,0";"13,0";"13,5";"13,0";"861,5";"861,8";"861,5";"1,7";"19,0";"4,1";"";"0,0"
"16/01/2025";"0500";"14,5";"14,7";"14,4";"89,0";"91,0";"89,0";"12,6";"13,1";"12,6";"861,3";"861,5";"861,3";"1,8";"25,0";"5,9";"";"0,0"
"16/01/2025";"0600";"14,7";"14,7";"14,4";"90,0";"90,0";"89,0";"13,1";"13,1";"12,6";"860,9";"861,3";"860,8";"1,6";"11,0";"4,3";"";"0,0"
"16/01/2025";"0700";"14,9";"15,0";"14,7";"90,0";"91,0";"88,0";"13,4";"13,4";"13,0";"860,8";"861,0";"860,7";"0,9";"359,0";"5,0";"";"0,0"
"16/01/2025";"0800";"15,3";"15,3";"14,9";"91,0";"91,0";"90,0";"13,9";"13,9";"13,4";"860,9";"860,9";"860,7";"0,9";"3,0";"4,5";"";"0,0"
"16/01/2025";"0900";"15,9";"15,9";"15,2";"91,0";"92,0";"91,0";"14,4";"14,5";"13,8";"861,3";"861,3";"860,9";"1,2";"14,0";"3,1";"13,20";"0,0"
"16/01/2025";"1000";"17,2";"17,2";"15,8";"88,0";"91,0";"88,0";"15,2";"15,2";"14,4";"861,6";"861,6";"861,2";"0,7";"16,0";"3,5";"371,00";"0,0"
"16/01/2025";"1100";"17,7";"17,8";"17,2";"85,0";"89,0";"85,0";"15,2";"15,5";"14,7";"862,2";"862,2";"861,5";"0,6";"2,0";"2,9";"734,80";"0,0"
"16/01/2025";"1200";"18,9";"18,9";"17,7";"83,0";"87,0";"83,0";"16,0";"16,1";"15,4";"862,7";"862,7";"862,2";"1,6";"27,0";"4,0";"863,90";"0,0"
"16/01/2025";"1300";"19,6";"20,0";"18,7";"80,0";"84,0";"77,0";"16,0";"16,4";"15,6";"862,9";"862,9";"862,7";"2,4";"30,0";"5,6";"1821,10";"0,0"
"16/01/2025";"1400";"20,3";"20,6";"19,4";"78,0";"82,0";"76,0";"16,3";"16,9";"15,8";"863,0";"863,0";"862,8";"1,0";"10,0";"4,9";"1796,90";"0,0"
"16/01/2025";"1500";"20,5";"21,8";"20,0";"74,0";"80,0";"70,0";"15,8";"17,3";"15,6";"863,0";"863,1";"862,9";"1,6";"12,0";"4,4";"2442,10";"0,0"
"16/01/2025";"1600";"22,3";"22,4";"20,4";"72,0";"79,0";"72,0";"17,0";"18,0";"15,7";"862,6";"863,0";"862,6";"1,5";"12,0";"5,3";"2837,40";"0,0"
"16/01/2025";"1700";"22,5";"23,5";"21,5";"65,0";"73,0";"59,0";"15,5";"17,2";"14,2";"862,1";"862,6";"862,1";"1,5";"6,0";"4,7";"3756,60";"0,0"
"16/01/2025";"1800";"23,3";"23,9";"21,5";"63,0";"71,0";"62,0";"15,8";"17,1";"14,8";"861,6";"862,1";"861,6";"1,7";"12,0";"4,3";"2599,30";"0,0"
"16/01/2025";"1900";"23,6";"24,3";"21,6";"63,0";"68,0";"58,0";"16,2";"16,9";"14,8";"860,8";"861,6";"860,8";"1,0";"346,0";"4,1";"2774,00";"0,0"
"16/01/2025";"2000";"22,8";"23,8";"22,4";"65,0";"67,0";"59,0";"15,9";"16,1";"15,0";"860,6";"860,9";"860,5";"0,8";"359,0";"4,6";"1873,60";"0,0"
"16/01/2025";"2100";"21,6";"23,6";"21,6";"69,0";"69,0";"61,0";"15,6";"16,2";"14,9";"860,7";"860,7";"860,5";"0,6";"360,0";"3,7";"944,80";"0,0"
"16/01/2025";"2200";"20,2";"21,6";"20,2";"78,0";"78,0";"69,0";"16,2";"16,2";"15,5";"860,9";"861,0";"860,7";"1,3";"21,0";"3,9";"278,20";"0,0"
"16/01/2025";"2300";"18,8";"20,1";"18,8";"82,0";"82,0";"78,0";"15,8";"16,2";"15,7";"861,3";"861,3";"860,9";"1,3";"30,0";"3,1";"20,40";"0,0"
"17/01/2025";"0000";"18,2";"18,8";"18,1";"83,0";"84,0";"82,0";"15,2";"15,8";"15,2";"861,8";"861,8";"861,3";"1,5";"51,0";"2,6";"";"0,0"
"17/01/2025";"0100";"17,4";"18,2";"17,3";"86,0";"86,0";"83,0";"15,0";"15,2";"14,9";"862,3";"862,4";"861,8";"1,5";"35,0";"2,9";"";"0,0"
"17/01/2025";"0200";"17,5";"17,5";"17,3";"87,0";"87,0";"86,0";"15,2";"15,2";"15,0";"862,5";"862,5";"862,3";"0,8";"37,0";"2,9";"";"0,0"
"17/01/2025";"0300";"17,7";"17,7";"17,4";"88,0";"88,0";"87,0";"15,7";"15,7";"15,2";"862,0";"862,5";"862,0";"1,8";"17,0";"4,4";"";"0,0"
"17/01/2025";"0400";"17,4";"17,7";"17,4";"89,0";"89,0";"88,0";"15,7";"15,8";"15,6";"861,5";"862,0";"861,5";"2,2";"17,0";"5,0";"";"0,0"
"17/01/2025";"0500";"17,6";"17,6";"17,3";"89,0";"90,0";"89,0";"15,8";"15,8";"15,6";"860,9";"861,6";"860,9";"1,8";"14,0";"4,9";"";"0,0"
"17/01/2025";"0600";"17,4";"17,7";"17,4";"91,0";"91,0";"89,0";"15,9";"16,0";"15,7";"860,6";"860,9";"860,6";"1,4";"17,0";"5,5";"";"0,0"
"17/01/2025";"0700";"17,5";"17,5";"17,3";"90,0";"92,0";"90,0";"15,9";"16,0";"15,9";"860,5";"860,6";"860,4";"1,3";"24,0";"4,1";"";"0,0"
"17/01/2025";"0800";"17,1";"17,5";"17,1";"92,0";"92,0";"90,0";"15,8";"15,9";"15,6";"860,6";"860,6";"860,4";"1,5";"24,0";"3,7";"";"0,0"
"17/01/2025";"0900";"17,3";"17,4";"17,0";"89,0";"92,0";"89,0";"15,4";"15,8";"15,4";"860,9";"861,0";"860,6";"2,3";"27,0";"4,3";"8,10";"0,0"
"17/01/2025";"1000";"18,3";"18,3";"17,3";"87,0";"89,0";"86,0";"16,1";"16,2";"15,4";"861,0";"861,1";"860,9";"2,0";"32,0";"5,0";"457,40";"0,0"
"17/01/2025";"1100";"19,4";"19,7";"18,3";"83,0";"87,0";"82,0";"16,5";"16,8";"16,0";"861,5";"861,5";"861,0";"1,4";"25,0";"3,9";"1326,30";"0,0"
"17/01/2025";"1200";"20,7";"21,4";"19,4";"79,0";"84,0";"77,0";"16,9";"17,6";"16,2";"861,7";"861,7";"861,4";"1,1";"360,0";"3,6";"1882,20";"0,0"
"17/01/2025";"1300";"20,9";"21,8";"20,4";"79,0";"81,0";"75,0";"17,1";"17,9";"16,6";"861,6";"861,7";"861,5";"0,9";"356,0";"3,7";"1917,50";"0,0"
"17/01/2025";"1400";"22,0";"22,7";"20,5";"79,0";"83,0";"75,0";"18,2";"19,3";"16,7";"861,5";"861,6";"861,5";"0,7";"1,0";"2,6";"1938,60";"0,0"
"17/01/2025";"1500";"21,2";"22,6";"21,0";"79,0";"85,0";"74,0";"17,3";"18,8";"17,3";"861,1";"861,5";"861,1";"0,7";"312,0";"2,6";"2185,00";"0,2"
"17/01/2025";"1600";"23,4";"23,8";"20,5";"71,0";"85,0";"69,0";"17,9";"19,5";"17,0";"860,5";"861,2";"860,5";"1,2";"323,0";"3,8";"2781,00";"0,0"
"17/01/2025";"1700";"24,1";"25,5";"22,7";"63,0";"77,0";"61,0";"16,6";"19,0";"16,3";"859,6";"860,5";"859,6";"1,6";"303,0";"3,9";"3034,60";"0,0"
"17/01/2025";"1800";"24,6";"26,6";"24,1";"60,0";"66,0";"54,0";"16,3";"18,0";"15,4";"859,3";"859,6";"859,2";"1,1";"299,0";"3,9";"2219,80";"0,0"
"17/01/2025";"1900";"23,3";"25,8";"22,7";"70,0";"75,0";"55,0";"17,5";"19,3";"15,6";"859,2";"859,3";"859,2";"1,5";"154,0";"3,6";"1971,90";"0,0"
"17/01/2025";"2000";"23,2";"24,1";"22,5";"73,0";"75,0";"68,0";"18,2";"18,4";"17,3";"859,0";"859,2";"858,9";"1,7";"145,0";"3,4";"1118,00";"0,0"
"17/01/2025";"2100";"22,8";"23,8";"22,3";"76,0";"77,0";"71,0";"18,2";"18,8";"17,6";"859,1";"859,1";"858,8";"1,2";"117,0";"3,4";"1071,70";"0,0"
"17/01/2025";"2200";"21,0";"22,8";"21,0";"82,0";"82,0";"75,0";"17,9";"18,3";"17,8";"859,5";"859,5";"859,0";"0,9";"124,0";"2,9";"357,20";"0,0"
"17/01/2025";"2300";"19,5";"21,0";"19,5";"90,0";"90,0";"82,0";"17,8";"17,9";"17,6";"860,1";"860,1";"859,5";"0,8";"108,0";"2,1";"18,70";"0,0"
"18/01/2025";"0000";"19,7";"19,7";"18,8";"87,0";"92,0";"86,0";"17,4";"17,9";"17,3";"860,3";"860,3";"860,0";"0,8";"64,0";"1,6";"";"0,0"
"18/01/2025";"0100";"18,7";"20,2";"18,7";"88,0";"88,0";"79,0";"16,6";"17,4";"16,0";"860,6";"860,6";"860,2";"0,0";"286,0";"1,7";"";"0,0"
"18/01/2025";"0200";"19,5";"21,1";"18,6";"79,0";"88,0";"70,0";"15,8";"16,6";"15,2";"860,4";"860,6";"860,4";"0,2";"305,0";"2,5";"";"0,0"
"18/01/2025";"0300";"18,3";"19,7";"18,3";"85,0";"85,0";"78,0";"15,8";"15,9";"15,6";"860,3";"860,4";"860,2";"0,2";"360,0";"1,8";"";"0,0"
"18/01/2025";"0400";"18,5";"18,6";"17,8";"92,0";"92,0";"85,0";"17,1";"17,2";"15,8";"859,8";"860,3";"859,8";"0,9";"13,0";"2,8";"";"0,0"
"18/01/2025";"0500";"18,3";"18,5";"18,2";"94,0";"94,0";"92,0";"17,3";"17,3";"17,1";"859,5";"859,8";"859,4";"0,6";"356,0";"3,3";"";"0,0"
"18/01/2025";"0600";"18,1";"18,3";"18,0";"95,0";"95,0";"94,0";"17,2";"17,3";"17,1";"859,5";"859,5";"859,4";"0,3";"328,0";"3,0";"";"0,0"
"18/01/2025";"0700";"17,9";"18,1";"17,9";"95,0";"95,0";"95,0";"17,1";"17,2";"17,1";"859,6";"859,7";"859,4";"0,5";"334,0";"3,0";"";"0,0"
"18/01/2025";"0800";"17,5";"18,0";"17,5";"96,0";"96,0";"95,0";"16,8";"17,1";"16,7";"859,6";"859,6";"859,5";"0,2";"300,0";"2,0";"";"0,0"
"18/01/2025";"0900";"17,6";"17,8";"17,5";"94,0";"96,0";"94,0";"16,6";"17,0";"16,6";"860,0";"860,0";"859,6";"0,2";"339,0";"2,1";"17,60";"0,0"
"18/01/2025";"1000";"17,9";"18,2";"17,5";"94,0";"94,0";"93,0";"16,9";"17,1";"16,5";"860,6";"860,7";"860,0";"0,7";"1,0";"2,1";"424,90";"0,0"
"18/01/2025";"1100";"20,1";"20,2";"17,9";"84,0";"95,0";"83,0";"17,3";"17,7";"16,9";"861,0";"861,0";"860,6";"0,9";"329,0";"2,6";"1312,00";"0,0"
"18/01/2025";"1200";"22,1";"22,3";"20,1";"76,0";"84,0";"75,0";"17,8";"18,6";"17,0";"861,2";"861,2";"860,9";"0,9";"303,0";"2,6";"2185,50";"0,0"
"18/01/2025";"1300";"23,6";"23,9";"22,0";"68,0";"78,0";"68,0";"17,4";"18,9";"17,2";"861,4";"861,4";"861,2";"1,0";"302,0";"3,0";"2940,00";"0,0"
"18/01/2025";"1400";"25,7";"25,7";"23,6";"64,0";"72,0";"62,0";"18,4";"18,7";"17,2";"861,2";"861,4";"861,1";"1,1";"297,0";"4,3";"3252,00";"0,0"
"18/01/2025";"1500";"25,6";"26,1";"24,0";"59,0";"66,0";"56,0";"16,9";"18,5";"16,1";"860,6";"861,2";"860,6";"1,8";"268,0";"4,4";"3001,30";"0,0"
"18/01/2025";"1600";"26,5";"27,0";"24,3";"50,0";"64,0";"48,0";"15,4";"17,8";"14,6";"860,0";"860,6";"860,0";"2,7";"248,0";"5,3";"3361,80";"0,0"
"18/01/2025";"1700";"26,2";"27,7";"25,6";"57,0";"57,0";"45,0";"17,0";"17,2";"14,2";"859,8";"860,0";"859,7";"2,6";"228,0";"5,3";"3328,50";"0,0"
"18/01/2025";"1800";"26,8";"27,2";"25,2";"47,0";"58,0";"45,0";"14,5";"17,3";"14,1";"859,5";"859,8";"859,2";"2,4";"261,0";"4,7";"2858,50";"0,0"
"18/01/2025";"1900";"23,5";"27,4";"23,4";"67,0";"69,0";"46,0";"16,9";"17,9";"14,4";"859,3";"859,5";"859,3";"2,1";"190,0";"5,4";"2055,50";"0,0"
"18/01/2025";"2000";"20,3";"23,5";"19,9";"79,0";"86,0";"65,0";"16,6";"18,2";"16,1";"859,3";"859,7";"859,3";"1,8";"189,0";"4,2";"1074,30";"0,8"
"18/01/2025";"2100";"22,0";"22,2";"20,3";"78,0";"82,0";"71,0";"17,9";"18,0";"16,4";"859,4";"859,4";"859,0";"1,1";"128,0";"3,2";"1179,20";"0,0"
"18/01/2025";"2200";"20,9";"22,0";"20,9";"85,0";"85,0";"78,0";"18,3";"18,6";"18,1";"859,6";"859,6";"859,2";"1,3";"146,0";"2,8";"479,50";"0,0"
"18/01/2025";"2300";"19,2";"20,9";"19,2";"90,0";"90,0";"85,0";"17,5";"18,4";"17,5";"860,3";"860,3";"859,6";"1,1";"128,0";"3,2";"14,00";"0,0"
"19/01/2025";"0000";"18,7";"19,2";"18,7";"90,0";"91,0";"90,0";"17,1";"17,5";"17,1";"860,8";"860,8";"860,3";"1,1";"109,0";"2,6";"";"0,0"
"19/01/2025";"0100";"19,2";"19,3";"18,6";"86,0";"90,0";"86,0";"16,9";"17,2";"16,9";"861,5";"861,5";"860,8";"0,8";"59,0";"2,4";"";"0,0"
"19/01/2025";"0200";"18,3";"19,3";"18,3";"89,0";"89,0";"85,0";"16,4";"16,9";"16,4";"861,8";"861,9";"861,5";"0,0";"313,0";"1,6";"";"0,0"
"19/01/2025";"0300";"17,8";"18,3";"17,4";"92,0";"93,0";"89,0";"16,4";"16,5";"16,2";"861,1";"861,8";"861,1";"0,2";"350,0";"1,4";"";"0,0"
"19/01/2025";"0400";"18,6";"18,8";"17,3";"84,0";"92,0";"83,0";"15,8";"16,3";"15,6";"860,3";"861,1";"860,3";"1,1";"16,0";"2,9";"";"0,0"
"19/01/2025";"0500";"17,4";"18,6";"17,4";"88,0";"89,0";"84,0";"15,5";"15,8";"15,4";"859,9";"860,3";"859,9";"0,3";"306,0";"2,4";"";"0,0"
"19/01/2025";"0600";"17,9";"17,9";"17,4";"83,0";"89,0";"83,0";"15,0";"15,7";"15,0";"859,6";"859,9";"859,6";"0,2";"336,0";"1,6";"";"0,0"
"19/01/2025";"0700";"17,8";"19,0";"17,6";"81,0";"84,0";"77,0";"14,6";"15,1";"14,4";"859,3";"859,6";"859,3";"0,2";"333,0";"1,9";"";"0,0"
"19/01/2025";"0800";"17,8";"18,4";"17,6";"83,0";"83,0";"80,0";"14,9";"15,2";"14,5";"859,3";"859,3";"859,2";"0,3";"319,0";"1,8";"";"0,0"
"19/01/2025";"0900";"18,2";"18,6";"17,7";"82,0";"85,0";"81,0";"15,2";"15,7";"14,9";"859,4";"859,4";"859,2";"0,3";"326,0";"1,7";"14,30";"0,0"
"19/01/2025";"1000";"19,4";"19,5";"18,1";"80,0";"83,0";"80,0";"15,9";"16,1";"15,0";"859,6";"859,7";"859,3";"0,2";"344,0";"1,3";"463,30";"0,0"
"19/01/2025";"1100";"20,8";"20,8";"19,4";"79,0";"82,0";"78,0";"16,9";"17,3";"15,9";"859,9";"859,9";"859,6";"0,7";"349,0";"1,6";"1340,90";"0,0"
"19/01/2025";"1200";"22,1";"22,5";"20,8";"74,0";"80,0";"71,0";"17,2";"17,7";"16,7";"860,1";"860,1";"859,8";"0,7";"324,0";"2,9";"2213,20";"0,0"
"19/01/2025";"1300";"24,1";"24,2";"22,1";"67,0";"74,0";"63,0";"17,5";"18,1";"16,4";"860,1";"860,1";"860,0";"1,2";"306,0";"2,5";"2782,00";"0,0"
"19/01/2025";"1400";"24,2";"25,2";"23,7";"58,0";"67,0";"57,0";"15,5";"17,4";"15,3";"859,9";"860,2";"859,9";"1,3";"287,0";"3,8";"2959,00";"0,0"
"19/01/2025";"1500";"25,8";"26,4";"24,3";"54,0";"63,0";"51,0";"15,7";"17,6";"14,6";"859,5";"859,9";"859,4";"1,9";"295,0";"3,8";"3581,20";"0,0"
"19/01/2025";"1600";"26,0";"26,6";"25,3";"53,0";"59,0";"50,0";"15,8";"17,4";"14,6";"858,9";"859,5";"858,9";"1,5";"307,0";"4,5";"3288,70";"0,0"
"19/01/2025";"1700";"27,4";"27,5";"25,1";"47,0";"59,0";"47,0";"15,0";"17,2";"14,2";"858,5";"858,9";"858,5";"2,1";"270,0";"5,1";"2971,70";"0,0"
"19/01/2025";"1800";"25,4";"27,9";"25,3";"51,0";"55,0";"44,0";"14,5";"16,0";"13,9";"858,1";"858,5";"857,9";"1,4";"267,0";"4,6";"2082,30";"0,0"
"19/01/2025";"1900";"26,8";"26,8";"23,1";"52,0";"66,0";"51,0";"16,1";"17,2";"14,8";"857,7";"858,3";"857,7";"1,0";"264,0";"3,8";"1368,00";"0,0"
"19/01/2025";"2000";"24,6";"26,7";"24,6";"60,0";"60,0";"45,0";"16,3";"17,4";"14,0";"857,1";"857,7";"856,9";"1,8";"201,0";"4,6";"2211,30";"0,0"
"19/01/2025";"2100";"24,5";"25,8";"24,5";"54,0";"60,0";"50,0";"14,7";"16,6";"14,2";"857,3";"857,3";"856,9";"1,8";"226,0";"3,5";"1127,70";"0,0"
"19/01/2025";"2200";"21,6";"25,0";"21,6";"69,0";"75,0";"53,0";"15,6";"18,1";"14,6";"857,6";"857,8";"857,2";"0,6";"331,0";"3,1";"406,20";"0,0"
"19/01/2025";"2300";"19,9";"21,6";"19,8";"78,0";"78,0";"69,0";"15,9";"15,9";"15,5";"858,2";"858,3";"857,6";"0,7";"66,0";"1,9";"21,30";"0,0"
"20/01/2025";"0000";"19,5";"20,0";"19,5";"80,0";"81,0";"78,0";"15,9";"16,4";"15,9";"858,2";"858,3";"858,1";"0,3";"36,0";"2,3";"";"0,0"
"20/01/2025";"0100";"20,1";"20,3";"19,2";"76,0";"82,0";"76,0";"15,8";"16,3";"15,8";"858,6";"858,7";"858,1";"0,3";"20,0";"1,4";"";"0,0"
"20/01/2025";"0200";"19,7";"20,4";"19,7";"79,0";"79,0";"75,0";"15,9";"16,0";"15,7";"859,0";"859,0";"858,5";"0,1";"38,0";"2,1";"";"0,0"
"20/01/2025";"0300";"18,9";"19,7";"18,9";"83,0";"83,0";"79,0";"16,0";"16,2";"15,9";"858,4";"859,0";"858,4";"0,2";"359,0";"1,7";"";"0,0"
"20/01/2025";"0400";"18,8";"19,1";"18,7";"85,0";"85,0";"83,0";"16,2";"16,4";"16,0";"858,1";"858,5";"858,1";"0,1";"353,0";"1,6";"";"0,0"
"20/01/2025";"0500";"18,8";"18,9";"18,7";"86,0";"86,0";"85,0";"16,5";"16,5";"16,2";"857,4";"858,1";"857,4";"0,1";"285,0";"1,1";"";"0,0"
"20/01/2025";"0600";"18,9";"19,0";"18,8";"86,0";"86,0";"85,0";"16,5";"16,5";"16,5";"856,9";"857,4";"856,9";"0,3";"349,0";"1,8";"0,30";"0,0"
"20/01/2025";"0700";"18,4";"18,9";"18,4";"89,0";"89,0";"86,0";"16,5";"16,6";"16,4";"856,1";"856,9";"856,1";"0,8";"12,0";"2,6";"";"0,0"
"20/01/2025";"0800";"18,0";"18,4";"17,9";"88,0";"89,0";"87,0";"16,0";"16,5";"15,9";"856,0";"856,2";"855,9";"0,1";"246,0";"2,5";"";"0,0"
"20/01/2025";"0900";"17,5";"18,0";"17,2";"93,0";"93,0";"88,0";"16,3";"16,3";"15,8";"856,9";"857,0";"856,0";"0,9";"329,0";"3,3";"6,60";"0,0"
"20/01/2025";"1000";"17,6";"17,6";"17,4";"93,0";"94,0";"93,0";"16,5";"16,5";"16,3";"856,8";"856,9";"856,7";"1,0";"336,0";"4,0";"88,30";"0,0"
"20/01/2025";"1100";"19,3";"19,3";"17,6";"87,0";"93,0";"87,0";"17,2";"17,3";"16,4";"856,7";"856,9";"856,7";"0,7";"330,0";"4,0";"767,40";"0,0"
"20/01/2025";"1200";"20,5";"20,6";"19,2";"85,0";"88,0";"83,0";"17,9";"17,9";"16,8";"856,4";"856,7";"856,4";"1,4";"306,0";"4,2";"1397,30";"0,0"
"20/01/2025";"1300";"21,8";"21,8";"20,2";"80,0";"85,0";"80,0";"18,1";"18,5";"17,5";"856,4";"856,5";"856,3";"2,0";"298,0";"5,5";"1609,50";"0,0"
"20/01/2025";"1400";"22,0";"22,8";"21,7";"76,0";"80,0";"74,0";"17,6";"18,5";"17,6";"856,0";"856,5";"856,0";"2,1";"286,0";"4,7";"1527,40";"0,0"
"20/01/2025";"1500";"21,8";"22,3";"21,7";"78,0";"80,0";"76,0";"17,7";"18,1";"17,5";"856,2";"856,4";"856,0";"1,7";"279,0";"5,3";"1054,50";"0,0"
"20/01/2025";"1600";"20,3";"22,1";"20,2";"85,0";"85,0";"76,0";"17,6";"17,9";"16,8";"856,3";"856,3";"855,9";"2,0";"281,0";"5,5";"994,10";"0,0"
"20/01/2025";"1700";"20,9";"21,1";"20,3";"83,0";"85,0";"81,0";"17,8";"18,2";"17,3";"855,8";"856,3";"855,8";"2,0";"300,0";"6,5";"1170,00";"0,0"
"20/01/2025";"1800";"22,4";"22,4";"20,9";"76,0";"83,0";"76,0";"18,1";"18,8";"17,4";"855,3";"855,9";"855,2";"1,9";"290,0";"4,7";"1468,30";"0,0"
"20/01/2025";"1900";"22,1";"23,9";"22,1";"72,0";"77,0";"66,0";"16,7";"18,3";"16,7";"855,0";"855,3";"854,8";"1,9";"283,0";"5,6";"2130,10";"0,0"
"20/01/2025";"2000";"20,0";"22,1";"20,0";"84,0";"84,0";"72,0";"17,2";"17,2";"16,5";"854,9";"855,1";"854,6";"0,9";"277,0";"4,9";"348,80";"0,0"
"20/01/2025";"2100";"19,8";"20,1";"19,7";"89,0";"89,0";"84,0";"17,8";"17,9";"17,2";"855,1";"855,1";"854,8";"0,8";"287,0";"3,0";"264,10";"0,0"
"20/01/2025";"2200";"20,1";"20,2";"19,7";"84,0";"89,0";"84,0";"17,2";"18,2";"17,2";"855,3";"855,4";"855,0";"0,9";"292,0";"2,9";"257,00";"0,0"
"20/01/2025";"2300";"19,7";"20,2";"19,7";"84,0";"85,0";"82,0";"17,0";"17,2";"16,8";"855,9";"856,0";"855,3";"1,2";"275,0";"3,3";"11,60";"0,0"
"21/01/2025";"0000";"19,1";"19,7";"19,0";"84,0";"86,0";"83,0";"16,3";"16,9";"16,3";"856,6";"856,6";"855,9";"1,7";"260,0";"3,9";"";"0,0"
"21/01/2025";"0100";"18,0";"19,1";"18,0";"83,0";"84,0";"82,0";"15,1";"16,3";"15,1";"857,2";"857,2";"856,6";"1,2";"272,0";"3,9";"";"0,0"
"21/01/2025";"0200";"16,9";"18,0";"16,8";"83,0";"84,0";"81,0";"13,9";"15,1";"13,9";"857,2";"857,5";"857,2";"0,8";"288,0";"3,4";"";"0,0"
"21/01/2025";"0300";"16,0";"16,9";"15,9";"82,0";"86,0";"82,0";"12,9";"14,0";"12,9";"857,0";"857,2";"857,0";"0,8";"289,0";"2,4";"";"0,0"
"21/01/2025";"0400";"15,5";"16,1";"15,2";"74,0";"82,0";"74,0";"10,9";"12,9";"10,9";"856,6";"857,0";"856,6";"0,9";"288,0";"2,6";"";"0,0"
"21/01/2025";"0500";"14,6";"15,7";"14,6";"82,0";"84,0";"73,0";"11,6";"12,3";"10,8";"856,4";"856,6";"856,3";"0,7";"297,0";"2,0";"";"0,0"
"21/01/2025";"0600";"14,0";"15,0";"14,0";"84,0";"84,0";"79,0";"11,3";"11,6";"11,2";"856,4";"856,4";"856,3";"1,1";"304,0";"2,8";"";"0,0"
"21/01/2025";"0700";"13,6";"14,1";"13,0";"86,0";"87,0";"84,0";"11,2";"11,3";"10,9";"856,5";"856,5";"856,4";"0,6";"308,0";"2,0";"";"0,0"
"21/01/2025";"0800";"14,0";"14,2";"13,4";"84,0";"86,0";"83,0";"11,4";"11,4";"11,0";"856,8";"856,8";"856,5";"1,4";"302,0";"2,8";"";"0,0"
"21/01/2025";"0900";"13,3";"14,0";"12,8";"87,0";"88,0";"83,0";"11,2";"11,4";"10,8";"857,3";"857,3";"856,8";"0,9";"307,0";"2,9";"12,70";"0,0"
"21/01/2025";"1000";"14,3";"14,3";"13,3";"83,0";"87,0";"81,0";"11,6";"11,6";"11,1";"858,0";"858,0";"857,3";"1,1";"311,0";"2,9";"444,70";"0,0"
"21/01/2025";"1100";"16,7";"16,7";"14,3";"76,0";"84,0";"76,0";"12,5";"12,5";"11,6";"858,4";"858,4";"858,0";"1,3";"297,0";"3,9";"1364,80";"0,0"
"21/01/2025";"1200";"";"";"";"";"";"";"";"";"";"";"";"";"";"";"";"";""
"21/01/2025";"1300";"19,2";"19,5";"18,0";"65,0";"70,0";"64,0";"12,4";"13,0";"11,6";"859,2";"859,2";"858,8";"1,9";"271,0";"5,2";"2399,60";"0,0"
"21/01/2025";"1400";"21,3";"21,3";"19,0";"53,0";"65,0";"49,0";"11,2";"12,2";"9,1";"859,5";"859,6";"859,2";"2,3";"284,0";"7,5";"3700,00";"0,0"
"21/01/2025";"1500";"21,5";"21,8";"20,5";"51,0";"55,0";"48,0";"10,8";"11,9";"9,6";"859,4";"859,5";"859,3";"3,0";"264,0";"7,3";"3689,60";"0,0"
"21/01/2025";"1600";"22,4";"22,9";"21,4";"43,0";"53,0";"42,0";"9,3";"11,8";"9,3";"859,3";"859,5";"859,2";"2,8";"271,0";"5,8";"4120,80";"0,0"
"21/01/2025";"1700";"23,2";"23,5";"21,8";"40,0";"49,0";"40,0";"8,7";"11,2";"8,7";"859,1";"859,3";"859,1";"2,5";"286,0";"6,3";"3900,10";"0,0"
"21/01/2025";"1800";"23,3";"24,5";"22,5";"43,0";"46,0";"39,0";"10,2";"11,4";"8,6";"859,4";"859,4";"859,1";"2,1";"267,0";"5,8";"3293,30";"0,0"
"21/01/2025";"1900";"23,1";"24,1";"22,5";"46,0";"47,0";"39,0";"10,8";"11,2";"8,9";"859,4";"859,5";"859,4";"2,2";"274,0";"5,0";"2990,80";"0,0"
"21/01/2025";"2000";"22,2";"23,5";"21,6";"50,0";"53,0";"45,0";"11,4";"12,2";"10,4";"859,4";"859,5";"859,3";"1,6";"259,0";"4,8";"1712,50";"0,0"
"21/01/2025";"2100";"21,5";"23,3";"21,0";"54,0";"57,0";"49,0";"11,7";"13,0";"10,8";"859,6";"859,6";"859,3";"1,0";"283,0";"3,7";"1006,00";"0,0"
"21/01/2025";"2200";"20,1";"21,5";"20,1";"59,0";"59,0";"53,0";"11,8";"12,0";"11,4";"860,3";"860,3";"859,6";"0,6";"278,0";"3,2";"252,40";"0,0"
"21/01/2025";"2300";"19,0";"20,1";"19,0";"64,0";"64,0";"59,0";"12,0";"12,1";"11,8";"860,8";"860,8";"860,3";"0,4";"293,0";"2,2";"21,10";"0,0"
"22/01/2025";"0000";"18,9";"19,2";"18,7";"65,0";"66,0";"63,0";"12,2";"12,3";"11,9";"861,3";"861,3";"860,8";"0,3";"291,0";"1,0";"";"0,0"
"22/01/2025";"0100";"18,3";"19,0";"18,1";"68,0";"68,0";"65,0";"12,3";"12,3";"12,0";"861,6";"861,6";"861,2";"0,5";"301,0";"1,2";"";"0,0"
"22/01/2025";"0200";"17,1";"18,3";"17,1";"72,0";"72,0";"68,0";"12,1";"12,4";"12,0";"861,9";"861,9";"861,6";"0,1";"333,0";"1,1";"";"0,0"
"22/01/2025";"0300";"17,0";"17,3";"16,7";"74,0";"75,0";"72,0";"12,3";"12,4";"12,0";"861,7";"861,9";"861,7";"0,0";"316,0";"0,9";"";"0,0"
"22/01/2025";"0400";"15,8";"17,1";"15,7";"78,0";"78,0";"73,0";"12,0";"12,4";"11,8";"861,6";"861,7";"861,6";"0,2";"335,0";"0,9";"";"0,0"
"22/01/2025";"0500";"16,5";"16,5";"15,6";"76,0";"80,0";"76,0";"12,2";"12,4";"12,0";"861,2";"861,6";"861,2";"0,0";"340,0";"0,9";"";"0,0"
"22/01/2025";"0600";"15,8";"16,5";"15,8";"77,0";"78,0";"76,0";"11,9";"12,3";"11,9";"861,4";"861,4";"861,2";"0,1";"321,0";"0,8";"";"0,0"
"22/01/2025";"0700";"16,0";"16,5";"15,5";"73,0";"78,0";"72,0";"11,1";"11,9";"11,0";"861,5";"861,5";"861,3";"0,1";"324,0";"1,0";"";"0,0"
"22/01/2025";"0800";"16,3";"16,3";"15,5";"67,0";"73,0";"67,0";"10,2";"11,1";"10,2";"862,1";"862,1";"861,5";"0,4";"305,0";"1,3";"";"0,0"
"22/01/2025";"0900";"16,3";"16,5";"15,5";"66,0";"70,0";"66,0";"10,0";"10,3";"9,9";"862,8";"862,8";"862,1";"0,3";"317,0";"1,4";"13,40";"0,0"
"22/01/2025";"1000";"17,6";"17,6";"16,3";"66,0";"67,0";"63,0";"11,3";"11,3";"10,0";"863,2";"863,2";"862,8";"0,4";"305,0";"1,4";"444,00";"0,0"
"22/01/2025";"1100";"18,8";"18,9";"17,7";"65,0";"68,0";"64,0";"12,0";"12,5";"11,1";"863,8";"863,8";"863,2";"0,7";"299,0";"1,9";"1331,50";"0,0"
"22/01/2025";"1200";"20,8";"21,3";"18,8";"62,0";"68,0";"58,0";"13,2";"13,7";"12,1";"864,1";"864,1";"863,8";"1,1";"290,0";"3,5";"2216,90";"0,0"
"22/01/2025";"1300";"21,8";"22,3";"20,7";"50,0";"63,0";"49,0";"10,8";"13,8";"10,3";"864,1";"864,2";"864,0";"1,7";"265,0";"4,3";"3005,20";"0,0"
"22/01/2025";"1400";"22,5";"23,2";"21,3";"51,0";"55,0";"49,0";"11,7";"13,1";"10,9";"864,1";"864,3";"864,1";"2,2";"287,0";"4,8";"3536,00";"0,0"
"22/01/2025";"1500";"22,5";"23,5";"22,1";"47,0";"55,0";"45,0";"10,6";"12,9";"10,1";"864,1";"864,2";"864,0";"2,2";"269,0";"5,3";"3119,20";"0,0"
"22/01/2025";"1600";"24,4";"24,6";"22,3";"42,0";"49,0";"38,0";"10,4";"12,5";"9,1";"863,7";"864,1";"863,6";"2,3";"240,0";"6,5";"4030,60";"0,0"
"22/01/2025";"1700";"24,7";"25,6";"23,4";"40,0";"46,0";"36,0";"10,2";"11,8";"8,3";"863,3";"863,8";"863,3";"1,5";"256,0";"5,0";"3800,80";"0,0"
"22/01/2025";"1800";"25,8";"26,1";"23,9";"37,0";"44,0";"36,0";"10,1";"11,6";"9,0";"862,6";"863,3";"862,6";"1,3";"269,0";"4,6";"3207,70";"0,0"
"22/01/2025";"1900";"26,2";"26,2";"24,8";"38,0";"42,0";"34,0";"10,7";"11,6";"8,8";"862,5";"862,6";"862,4";"1,5";"220,0";"4,1";"3058,70";"0,0"
"22/01/2025";"2000";"25,3";"26,2";"24,4";"36,0";"38,0";"33,0";"9,3";"10,5";"8,0";"862,4";"862,6";"862,4";"0,5";"241,0";"4,1";"2180,50";"0,0"
"22/01/2025";"2100";"22,8";"25,7";"22,8";"69,0";"69,0";"34,0";"16,8";"16,8";"8,2";"862,7";"862,7";"862,4";"1,4";"132,0";"3,2";"1144,90";"0,0"
"22/01/2025";"2200";"20,5";"23,0";"20,5";"79,0";"79,0";"69,0";"16,7";"17,3";"16,6";"863,3";"863,3";"862,7";"1,9";"116,0";"4,5";"469,30";"0,0"
"22/01/2025";"2300";"18,4";"20,5";"18,4";"87,0";"87,0";"79,0";"16,2";"16,8";"16,2";"863,8";"863,8";"863,3";"1,5";"121,0";"3,6";"21,80";"0,0"
"23/01/2025";"0000";"17,6";"18,4";"17,6";"89,0";"90,0";"87,0";"15,9";"16,2";"15,9";"864,0";"864,0";"863,7";"1,6";"101,0";"3,6";"";"0,0"
"23/01/2025";"0100";"17,2";"17,7";"17,1";"91,0";"91,0";"89,0";"15,7";"15,9";"15,6";"864,4";"864,5";"864,0";"1,1";"78,0";"2,4";"";"0,0"
"23/01/2025";"0200";"17,1";"17,4";"17,1";"88,0";"91,0";"87,0";"15,1";"15,7";"15,1";"864,4";"864,6";"864,4";"1,5";"49,0";"2,8";"";"0,0"
"23/01/2025";"0300";"16,9";"17,3";"16,7";"84,0";"88,0";"83,0";"14,2";"15,1";"14,1";"864,2";"864,4";"864,2";"0,9";"34,0";"2,6";"";"0,0"
"23/01/2025";"0400";"16,4";"17,1";"16,4";"84,0";"84,0";"82,0";"13,7";"14,2";"13,6";"864,0";"864,3";"864,0";"0,8";"14,0";"3,2";"";"0,0"
"23/01/2025";"0500";"17,1";"17,2";"16,3";"80,0";"85,0";"80,0";"13,6";"14,0";"13,6";"863,2";"864,0";"863,2";"1,6";"21,0";"3,5";"";"0,0"
"23/01/2025";"0600";"17,5";"17,7";"17,1";"68,0";"80,0";"67,0";"11,5";"13,6";"11,5";"863,0";"863,3";"862,9";"1,6";"23,0";"3,8";"";"0,0"
"23/01/2025";"0700";"16,9";"17,7";"16,8";"66,0";"68,0";"66,0";"10,6";"11,5";"10,6";"863,1";"863,1";"862,8";"1,1";"16,0";"3,5";"";"0,0"
"23/01/2025";"0800";"16,1";"16,9";"15,9";"75,0";"75,0";"66,0";"11,6";"11,8";"10,6";"863,8";"863,8";"863,1";"0,1";"215,0";"3,2";"";"0,0"
"23/01/2025";"0900";"15,6";"16,1";"15,4";"84,0";"85,0";"75,0";"12,9";"13,0";"11,5";"864,1";"864,1";"863,8";"0,1";"287,0";"1,7";"9,00";"0,0"
"23/01/2025";"1000";"16,7";"16,7";"15,6";"85,0";"85,0";"84,0";"14,2";"14,2";"12,9";"864,6";"864,6";"864,1";"1,5";"325,0";"3,0";"429,40";"0,0"
"23/01/2025";"1100";"19,2";"19,2";"16,7";"78,0";"86,0";"78,0";"15,3";"15,5";"14,3";"864,9";"864,9";"864,6";"0,7";"335,0";"3,0";"1313,70";"0,0"
"23/01/2025";"1200";"21,2";"21,5";"19,2";"72,0";"79,0";"72,0";"15,9";"17,0";"15,3";"865,1";"865,1";"864,8";"0,8";"342,0";"2,9";"2189,80";"0,0"
"23/01/2025";"1300";"23,2";"23,3";"20,9";"63,0";"75,0";"61,0";"15,7";"16,9";"15,0";"865,3";"865,3";"865,1";"1,1";"294,0";"2,8";"2902,40";"0,0"
"23/01/2025";"1400";"25,1";"25,2";"22,6";"52,0";"65,0";"48,0";"14,6";"16,5";"12,6";"865,2";"865,4";"865,1";"1,0";"250,0";"4,0";"3537,70";"0,0"
"23/01/2025";"1500";"25,3";"25,9";"24,4";"46,0";"52,0";"43,0";"12,8";"14,7";"12,1";"864,9";"865,2";"864,9";"1,5";"226,0";"3,9";"3991,60";"0,0"
"23/01/2025";"1600";"27,2";"27,2";"24,8";"46,0";"49,0";"39,0";"14,5";"14,5";"11,0";"864,6";"864,9";"864,6";"1,0";"257,0";"3,9";"3984,60";"0,0"
"23/01/2025";"1700";"26,3";"27,7";"25,5";"38,0";"48,0";"35,0";"11,0";"14,7";"10,2";"864,3";"864,6";"864,3";"1,1";"236,0";"3,6";"3018,20";"0,0"
"23/01/2025";"1800";"26,6";"28,5";"26,3";"38,0";"44,0";"32,0";"11,3";"14,5";"9,4";"863,9";"864,4";"863,9";"1,3";"263,0";"4,1";"3147,80";"0,0"
"23/01/2025";"1900";"26,1";"28,1";"26,1";"37,0";"39,0";"28,0";"10,4";"11,9";"6,9";"863,1";"863,9";"863,1";"1,6";"192,0";"3,6";"2327,80";"0,0"
"23/01/2025";"2000";"25,1";"27,8";"24,8";"65,0";"66,0";"33,0";"18,1";"18,1";"9,9";"862,1";"863,1";"862,1";"2,5";"112,0";"4,6";"1802,60";"0,0"
"23/01/2025";"2100";"23,0";"25,1";"23,0";"73,0";"73,0";"64,0";"17,9";"18,4";"17,4";"862,3";"862,3";"862,0";"2,2";"118,0";"5,3";"899,60";"0,0"
"23/01/2025";"2200";"21,6";"23,3";"21,6";"79,0";"79,0";"72,0";"17,8";"18,1";"17,7";"862,7";"862,8";"862,3";"1,5";"120,0";"4,4";"444,50";"0,0"
"23/01/2025";"2300";"20,0";"21,6";"20,0";"86,0";"87,0";"79,0";"17,6";"17,8";"17,6";"862,7";"862,8";"862,5";"2,1";"112,0";"4,6";"9,50";"0,0"
"24/01/2025";"0000";"19,2";"20,0";"19,2";"89,0";"89,0";"86,0";"17,3";"17,6";"17,3";"864,0";"864,0";"862,7";"1,9";"99,0";"3,9";"";"0,0"
"24/01/2025";"0100";"18,9";"19,2";"18,9";"86,0";"89,0";"85,0";"16,5";"17,3";"16,5";"865,1";"865,1";"864,0";"0,9";"60,0";"3,2";"";"0,0"
"24/01/2025";"0200";"18,4";"18,9";"18,4";"86,0";"87,0";"86,0";"16,0";"16,5";"16,0";"864,5";"865,1";"864,5";"1,4";"51,0";"2,8";"";"0,0"
"24/01/2025";"0300";"18,6";"18,6";"18,3";"87,0";"87,0";"86,0";"16,4";"16,4";"16,0";"864,4";"864,5";"864,4";"2,2";"33,0";"4,0";"";"0,0"
"24/01/2025";"0400";"18,3";"18,6";"17,9";"86,0";"87,0";"85,0";"15,9";"16,4";"15,7";"863,8";"864,4";"863,8";"0,5";"360,0";"4,0";"";"0,0"
"24/01/2025";"0500";"17,8";"18,3";"17,6";"92,0";"92,0";"86,0";"16,4";"16,4";"15,7";"863,8";"863,9";"863,6";"1,0";"1,0";"3,5";"";"0,0"
"24/01/2025";"0600";"18,0";"18,1";"17,7";"92,0";"92,0";"91,0";"16,7";"16,7";"16,4";"863,6";"863,8";"863,6";"0,7";"355,0";"3,8";"";"0,0"
"24/01/2025";"0700";"17,6";"18,0";"17,6";"90,0";"92,0";"90,0";"16,0";"16,8";"16,0";"863,2";"863,6";"863,2";"0,9";"4,0";"3,3";"0,10";"0,0"
"24/01/2025";"0800";"17,4";"17,6";"17,3";"89,0";"90,0";"89,0";"15,6";"16,0";"15,5";"863,1";"863,4";"863,1";"1,0";"353,0";"3,8";"";"0,0"
"24/01/2025";"0900";"17,6";"17,6";"17,2";"89,0";"90,0";"89,0";"15,8";"15,8";"15,5";"863,4";"863,4";"863,0";"0,6";"343,0";"3,2";"3,90";"0,0"
"24/01/2025";"1000";"18,1";"18,1";"17,6";"88,0";"90,0";"88,0";"16,1";"16,2";"15,8";"863,6";"863,7";"863,4";"0,1";"349,0";"3,5";"213,10";"0,0"
"24/01/2025";"1100";"19,9";"19,9";"18,1";"81,0";"88,0";"80,0";"16,6";"16,8";"15,4";"864,0";"864,0";"863,5";"0,2";"5,0";"1,5";"816,30";"0,0"
"24/01/2025";"1200";"20,7";"20,7";"19,7";"75,0";"81,0";"74,0";"16,1";"16,5";"15,4";"863,8";"864,1";"863,8";"0,4";"337,0";"2,7";"1211,80";"0,0"
"24/01/2025";"1300";"21,4";"21,4";"20,3";"72,0";"77,0";"72,0";"16,2";"16,7";"15,7";"864,0";"864,0";"863,8";"0,2";"350,0";"2,2";"1333,70";"0,0"
"24/01/2025";"1400";"22,4";"22,7";"21,4";"64,0";"73,0";"63,0";"15,1";"16,7";"15,1";"863,9";"864,0";"863,8";"0,6";"329,0";"2,3";"1616,80";"0,0"
"24/01/2025";"1500";"21,6";"22,8";"21,6";"67,0";"68,0";"60,0";"15,2";"15,9";"14,5";"864,1";"864,1";"863,8";"0,5";"330,0";"3,3";"1667,60";"0,0"
"24/01/2025";"1600";"23,1";"23,1";"21,0";"56,0";"70,0";"54,0";"13,9";"16,0";"12,7";"863,6";"864,1";"863,6";"1,2";"311,0";"3,2";"1807,80";"0,0"
"24/01/2025";"1700";"21,8";"23,9";"21,7";"63,0";"64,0";"53,0";"14,4";"15,4";"13,2";"863,1";"863,6";"863,1";"1,5";"297,0";"4,2";"2148,50";"0,0"
"24/01/2025";"1800";"22,7";"22,7";"21,6";"62,0";"66,0";"60,0";"15,0";"15,9";"14,1";"862,2";"863,1";"862,2";"1,1";"290,0";"4,2";"1511,70";"0,0"
"24/01/2025";"1900";"23,2";"23,2";"22,1";"58,0";"64,0";"57,0";"14,4";"15,5";"13,8";"861,6";"862,2";"861,6";"0,8";"326,0";"3,2";"1498,70";"0,0"
"24/01/2025";"2000";"21,6";"23,2";"21,6";"64,0";"65,0";"55,0";"14,6";"15,0";"13,6";"861,6";"861,6";"861,5";"0,3";"338,0";"3,0";"802,50";"0,0"
"24/01/2025";"2100";"17,4";"21,6";"17,4";"92,0";"92,0";"62,0";"16,0";"16,2";"13,5";"862,0";"862,0";"861,6";"0,7";"297,0";"3,3";"299,70";"1,4"
"24/01/2025";"2200";"16,8";"17,4";"16,6";"96,0";"96,0";"92,0";"16,1";"16,1";"15,8";"862,2";"862,3";"862,0";"0,1";"309,0";"2,6";"121,00";"0,2"
"24/01/2025";"2300";"16,6";"16,8";"16,6";"96,0";"96,0";"95,0";"15,9";"16,2";"15,8";"862,2";"862,3";"862,0";"0,0";"135,0";"1,5";"5,40";"0,6"
"25/01/2025";"0000";"16,8";"16,9";"16,5";"91,0";"96,0";"91,0";"15,3";"15,9";"15,2";"862,7";"862,7";"862,2";"0,0";"296,0";"0,9";"";"0,0"
"25/01/2025";"0100";"17,2";"17,3";"16,8";"91,0";"92,0";"91,0";"15,8";"15,9";"15,3";"862,9";"862,9";"862,6";"0,0";"127,0";"2,0";"0,10";"0,0"
"25/01/2025";"0200";"16,8";"17,2";"16,7";"92,0";"92,0";"89,0";"15,5";"15,8";"15,1";"862,9";"863,0";"862,7";"0,6";"9,0";"3,1";"";"0,0"
"25/01/2025";"0300";"17,0";"17,0";"16,7";"93,0";"94,0";"92,0";"15,8";"15,8";"15,5";"862,3";"862,9";"862,2";"1,0";"13,0";"3,3";"";"0,0"
"25/01/2025";"0400";"17,1";"17,2";"16,9";"95,0";"95,0";"93,0";"16,3";"16,3";"15,7";"861,6";"862,3";"861,6";"0,7";"3,0";"3,0";"";"0,0"
"25/01/2025";"0500";"17,1";"17,2";"17,1";"95,0";"95,0";"95,0";"16,3";"16,4";"16,3";"861,3";"861,7";"861,3";"0,6";"1,0";"3,0";"";"0,0"
"25/01/2025";"0600";"16,9";"17,1";"16,9";"96,0";"96,0";"95,0";"16,3";"16,3";"16,2";"861,1";"861,5";"861,1";"0,5";"353,0";"4,7";"0,10";"1,6"
"25/01/2025";"0700";"16,8";"16,9";"16,8";"97,0";"97,0";"96,0";"16,3";"16,3";"16,3";"860,1";"861,1";"860,0";"1,0";"3,0";"3,6";"";"2,6"
"25/01/2025";"0800";"17,0";"17,0";"16,8";"95,0";"97,0";"95,0";"16,1";"16,4";"16,1";"860,1";"860,1";"859,7";"1,3";"356,0";"4,3";"";"0,0"
"25/01/2025";"0900";"16,7";"17,0";"16,6";"95,0";"96,0";"95,0";"15,9";"16,2";"15,9";"860,8";"860,8";"860,1";"0,4";"335,0";"4,2";"7,90";"0,0"
"25/01/2025";"1000";"16,8";"16,9";"16,6";"94,0";"95,0";"93,0";"15,9";"15,9";"15,7";"861,4";"861,4";"860,8";"0,7";"312,0";"3,1";"247,00";"0,0"
"25/01/2025";"1100";"18,1";"18,1";"16,7";"95,0";"96,0";"94,0";"17,2";"17,2";"15,8";"861,6";"861,9";"861,4";"0,8";"324,0";"2,9";"558,20";"0,0"
"25/01/2025";"1200";"18,3";"18,6";"17,7";"91,0";"95,0";"90,0";"16,8";"17,2";"16,5";"861,7";"861,7";"861,4";"1,8";"306,0";"4,1";"1035,70";"0,0"
"25/01/2025";"1300";"18,5";"19,0";"18,3";"89,0";"93,0";"88,0";"16,6";"17,6";"16,6";"861,8";"861,8";"861,6";"1,6";"294,0";"5,0";"770,60";"0,2"
"25/01/2025";"1400";"19,1";"19,1";"18,3";"88,0";"91,0";"88,0";"17,0";"17,5";"16,4";"861,8";"861,9";"861,7";"1,2";"277,0";"4,9";"576,00";"0,0"
"25/01/2025";"1500";"20,4";"20,4";"18,8";"83,0";"88,0";"82,0";"17,4";"17,4";"16,6";"861,3";"862,0";"861,3";"0,9";"281,0";"3,7";"1108,50";"0,0"
"25/01/2025";"1600";"21,1";"22,4";"20,2";"75,0";"84,0";"73,0";"16,5";"18,3";"16,3";"861,0";"861,3";"861,0";"1,9";"278,0";"5,0";"2319,10";"0,0"
"25/01/2025";"1700";"21,7";"22,3";"20,7";"74,0";"80,0";"71,0";"16,8";"17,9";"15,9";"860,6";"861,1";"860,6";"1,4";"281,0";"4,3";"1667,30";"0,0"
"25/01/2025";"1800";"21,4";"23,2";"20,6";"74,0";"79,0";"66,0";"16,4";"17,8";"15,9";"860,4";"860,6";"860,3";"2,1";"248,0";"4,3";"1665,50";"0,0"
"25/01/2025";"1900";"19,1";"21,7";"17,1";"89,0";"93,0";"70,0";"17,2";"17,9";"15,0";"860,3";"860,7";"860,2";"1,1";"207,0";"6,0";"956,40";"1,0"
"25/01/2025";"2000";"20,2";"20,3";"19,0";"76,0";"90,0";"76,0";"15,9";"17,8";"15,9";"860,4";"860,4";"860,1";"1,6";"207,0";"2,6";"1064,90";"0,0"
"25/01/2025";"2100";"18,3";"20,8";"18,3";"89,0";"89,0";"74,0";"16,5";"16,5";"15,9";"860,5";"860,5";"860,2";"0,6";"157,0";"2,6";"510,40";"0,2"
"25/01/2025";"2200";"19,0";"19,2";"18,3";"86,0";"91,0";"85,0";"16,6";"17,3";"16,5";"860,8";"860,8";"860,5";"1,0";"192,0";"2,6";"221,70";"0,0"
"25/01/2025";"2300";"18,1";"19,0";"18,1";"92,0";"92,0";"86,0";"16,7";"16,9";"16,6";"861,6";"861,7";"860,7";"1,4";"173,0";"3,5";"14,20";"0,0"
"26/01/2025";"0000";"17,3";"18,1";"17,3";"92,0";"93,0";"91,0";"16,1";"16,6";"16,1";"862,1";"862,1";"861,6";"2,0";"159,0";"3,3";"";"0,0"
"26/01/2025";"0100";"16,8";"17,3";"16,8";"92,0";"95,0";"92,0";"15,5";"16,2";"15,5";"862,1";"862,2";"861,9";"1,6";"156,0";"3,5";"";"0,0"
"26/01/2025";"0200";"16,4";"16,8";"16,3";"94,0";"94,0";"92,0";"15,4";"15,5";"15,2";"861,9";"862,2";"861,9";"1,3";"146,0";"3,1";"";"0,0"
"26/01/2025";"0300";"16,2";"16,5";"16,2";"94,0";"94,0";"93,0";"15,2";"15,4";"15,2";"861,6";"861,9";"861,6";"1,4";"148,0";"3,8";"";"0,0"
"26/01/2025";"0400";"15,9";"16,4";"15,9";"95,0";"95,0";"94,0";"15,1";"15,4";"15,1";"861,0";"861,7";"860,9";"0,8";"142,0";"2,9";"";"0,0"
"26/01/2025";"0500";"16,3";"16,4";"15,9";"95,0";"95,0";"95,0";"15,5";"15,5";"15,1";"860,7";"861,0";"860,6";"1,2";"147,0";"3,1";"";"0,0"
"26/01/2025";"0600";"16,5";"16,6";"16,2";"94,0";"95,0";"94,0";"15,5";"15,6";"15,4";"861,0";"861,1";"860,7";"0,6";"138,0";"3,1";"";"0,0"
"26/01/2025";"0700";"16,4";"16,5";"16,3";"94,0";"94,0";"94,0";"15,5";"15,5";"15,3";"861,0";"861,1";"860,9";"1,0";"146,0";"2,3";"";"0,0"
"26/01/2025";"0800";"16,5";"16,5";"16,4";"95,0";"95,0";"94,0";"15,7";"15,7";"15,5";"861,4";"861,4";"860,9";"0,5";"155,0";"2,3";"";"0,0"
"26/01/2025";"0900";"16,4";"16,5";"16,4";"95,0";"95,0";"95,0";"15,6";"15,7";"15,6";"861,8";"861,8";"861,4";"0,3";"146,0";"2,1";"0,70";"0,0"
"26/01/2025";"1000";"16,7";"16,7";"16,3";"94,0";"96,0";"94,0";"15,8";"15,8";"15,6";"862,4";"862,4";"861,8";"0,3";"142,0";"2,3";"151,80";"0,0"
"26/01/2025";"1100";"17,2";"17,3";"16,7";"90,0";"94,0";"90,0";"15,5";"15,8";"15,3";"862,4";"862,5";"862,4";"0,7";"132,0";"2,9";"476,60";"0,0"
"26/01/2025";"1200";"17,6";"18,0";"17,2";"89,0";"91,0";"87,0";"15,8";"16,3";"15,4";"862,9";"862,9";"862,4";"1,0";"125,0";"3,1";"747,90";"0,0"
"26/01/2025";"1300";"20,2";"20,5";"17,5";"79,0";"90,0";"79,0";"16,5";"17,6";"15,8";"863,3";"863,3";"862,9";"1,3";"130,0";"3,1";"1783,90";"0,0"
"26/01/2025";"1400";"20,6";"20,8";"19,5";"77,0";"82,0";"76,0";"16,5";"17,1";"15,8";"863,5";"863,5";"863,3";"1,6";"157,0";"3,8";"2887,80";"0,2"
"26/01/2025";"1500";"22,2";"22,5";"20,2";"68,0";"79,0";"68,0";"16,0";"17,4";"15,8";"863,2";"863,6";"863,2";"1,3";"158,0";"3,1";"3347,50";"0,0"
"26/01/2025";"1600";"21,7";"23,0";"21,4";"72,0";"76,0";"66,0";"16,4";"17,7";"15,8";"863,0";"863,2";"862,9";"2,0";"158,0";"3,9";"4172,20";"0,0"
"26/01/2025";"1700";"22,4";"22,9";"21,4";"70,0";"77,0";"69,0";"16,7";"18,1";"16,0";"862,5";"863,0";"862,5";"2,2";"166,0";"3,9";"3688,50";"0,0"
"26/01/2025";"1800";"22,1";"23,8";"21,4";"71,0";"74,0";"64,0";"16,6";"17,7";"16,0";"862,2";"862,5";"862,1";"2,7";"164,0";"4,6";"3632,90";"0,0"
"26/01/2025";"1900";"22,0";"22,3";"20,6";"73,0";"78,0";"71,0";"17,0";"17,5";"16,0";"861,4";"862,2";"861,4";"2,5";"151,0";"5,7";"2748,40";"0,0"
"26/01/2025";"2000";"19,4";"21,9";"18,3";"82,0";"86,0";"73,0";"16,2";"17,1";"15,6";"861,5";"861,6";"861,3";"2,3";"134,0";"5,3";"2024,10";"0,0"
"26/01/2025";"2100";"17,8";"19,8";"17,8";"84,0";"85,0";"79,0";"15,1";"16,4";"15,1";"861,2";"861,5";"861,1";"2,5";"123,0";"5,0";"1460,70";"0,0"
"26/01/2025";"2200";"16,5";"17,8";"16,5";"91,0";"91,0";"84,0";"15,0";"15,4";"14,9";"861,6";"861,6";"861,2";"1,3";"127,0";"4,6";"270,90";"0,0"
"26/01/2025";"2300";"15,8";"16,5";"15,7";"94,0";"94,0";"91,0";"14,9";"15,1";"14,8";"862,0";"862,0";"861,6";"1,5";"134,0";"3,6";"10,00";"0,0"
"27/01/2025";"0000";"15,2";"15,8";"15,2";"94,0";"95,0";"93,0";"14,3";"14,8";"14,1";"862,0";"862,2";"862,0";"2,2";"122,0";"4,0";"";"0,0"
"27/01/2025";"0100";"15,5";"15,5";"15,0";"95,0";"96,0";"94,0";"14,6";"14,6";"14,2";"862,3";"862,3";"861,9";"1,9";"122,0";"5,9";"";"0,0"
"27/01/2025";"0200";"15,7";"15,7";"15,4";"93,0";"95,0";"93,0";"14,7";"14,8";"14,6";"862,6";"862,7";"862,1";"1,7";"122,0";"4,4";"";"0,0"
"27/01/2025";"0300";"15,5";"15,7";"15,5";"95,0";"95,0";"93,0";"14,7";"14,7";"14,5";"862,3";"862,6";"862,3";"2,3";"110,0";"4,9";"";"0,0"
"27/01/2025";"0400";"15,3";"15,5";"15,2";"95,0";"95,0";"94,0";"14,4";"14,7";"14,3";"862,2";"862,4";"862,1";"2,2";"111,0";"4,3";"";"0,0"
"27/01/2025";"0500";"15,1";"15,3";"15,1";"94,0";"95,0";"94,0";"14,2";"14,4";"14,2";"861,8";"862,2";"861,7";"0,9";"96,0";"4,5";"";"0,0"
"27/01/2025";"0600";"15,4";"15,4";"15,1";"93,0";"94,0";"93,0";"14,3";"14,4";"14,2";"861,1";"861,8";"861,1";"1,3";"79,0";"3,2";"";"0,0"
"27/01/2025";"0700";"15,5";"15,5";"15,4";"92,0";"93,0";"92,0";"14,2";"14,4";"14,1";"860,8";"861,1";"860,8";"0,7";"53,0";"2,5";"";"0,0"
"27/01/2025";"0800";"15,4";"15,5";"15,4";"91,0";"92,0";"91,0";"14,0";"14,2";"14,0";"860,6";"860,9";"860,6";"0,5";"55,0";"2,1";"";"0,0"
"27/01/2025";"0900";"15,2";"15,5";"15,2";"92,0";"92,0";"91,0";"13,9";"14,2";"13,9";"860,9";"860,9";"860,5";"0,2";"14,0";"2,2";"5,10";"0,0"
"27/01/2025";"1000";"15,9";"15,9";"15,1";"91,0";"93,0";"91,0";"14,4";"14,4";"13,8";"861,4";"861,4";"860,9";"0,5";"338,0";"1,9";"263,80";"0,0"
"27/01/2025";"1100";"18,2";"18,2";"15,9";"82,0";"91,0";"82,0";"15,0";"15,3";"14,2";"861,4";"861,6";"861,4";"0,6";"11,0";"2,5";"1067,60";"0,0"
"27/01/2025";"1200";"19,2";"20,4";"18,1";"76,0";"83,0";"74,0";"14,8";"16,0";"14,6";"862,1";"862,1";"861,4";"1,1";"346,0";"3,3";"2394,30";"0,0"
"27/01/2025";"1300";"20,9";"20,9";"19,0";"74,0";"80,0";"72,0";"16,1";"16,2";"14,8";"861,8";"862,1";"861,8";"1,0";"15,0";"3,3";"3005,00";"0,0"
"27/01/2025";"1400";"21,7";"22,8";"20,6";"66,0";"74,0";"64,0";"15,1";"17,0";"14,7";"861,7";"861,8";"861,7";"1,4";"313,0";"3,2";"3210,10";"0,0"
"27/01/2025";"1500";"23,7";"24,0";"21,7";"64,0";"71,0";"62,0";"16,5";"18,1";"14,9";"861,7";"861,8";"861,7";"0,8";"352,0";"4,3";"3790,90";"0,0"
"27/01/2025";"1600";"22,4";"23,9";"22,4";"63,0";"66,0";"60,0";"15,0";"17,0";"14,7";"861,6";"861,7";"861,5";"0,8";"296,0";"2,4";"2386,50";"0,0"
"27/01/2025";"1700";"22,2";"23,0";"20,3";"70,0";"75,0";"63,0";"16,4";"17,3";"14,9";"861,5";"861,8";"861,4";"1,7";"308,0";"4,2";"1938,20";"1,2"
"27/01/2025";"1800";"21,8";"22,5";"20,9";"70,0";"74,0";"68,0";"16,0";"16,9";"15,4";"860,9";"861,5";"860,9";"1,3";"342,0";"4,4";"2269,60";"0,0"
"27/01/2025";"1900";"21,6";"22,1";"20,6";"74,0";"75,0";"67,0";"16,8";"16,8";"15,2";"860,2";"860,9";"860,2";"0,8";"42,0";"3,8";"1339,20";"0,0"
"27/01/2025";"2000";"22,3";"23,5";"21,6";"66,0";"75,0";"62,0";"15,5";"17,2";"15,1";"859,8";"860,2";"859,5";"0,8";"23,0";"2,9";"2569,30";"0,0"
"27/01/2025";"2100";"21,3";"22,5";"21,3";"69,0";"70,0";"65,0";"15,4";"16,4";"15,3";"860,0";"860,0";"859,8";"1,1";"34,0";"2,4";"1085,70";"0,0"
"27/01/2025";"2200";"19,7";"21,3";"19,7";"75,0";"75,0";"69,0";"15,2";"15,6";"15,2";"860,1";"860,2";"860,0";"1,4";"31,0";"2,7";"149,60";"0,0"
"27/01/2025";"2300";"18,4";"19,7";"18,4";"81,0";"81,0";"75,0";"15,2";"15,3";"15,1";"861,0";"861,0";"860,1";"0,9";"17,0";"2,8";"6,00";"0,0"
"28/01/2025";"0000";"18,1";"18,6";"18,1";"84,0";"84,0";"81,0";"15,3";"15,3";"15,1";"861,4";"861,5";"861,0";"1,6";"32,0";"3,3";"";"0,0"
"28/01/2025";"0100";"17,7";"18,1";"17,6";"86,0";"86,0";"84,0";"15,3";"15,4";"15,2";"861,9";"861,9";"861,4";"1,1";"15,0";"3,1";"";"0,0"
"28/01/2025";"0200";"17,6";"17,8";"17,4";"86,0";"88,0";"85,0";"15,2";"15,4";"15,2";"861,8";"861,9";"861,8";"1,4";"45,0";"3,1";"";"0,0"
"28/01/2025";"0300";"17,3";"17,7";"17,2";"88,0";"88,0";"86,0";"15,4";"15,4";"15,1";"861,4";"861,9";"861,4";"1,3";"27,0";"3,1";"";"0,0"
"28/01/2025";"0400";"16,9";"17,4";"16,9";"90,0";"90,0";"88,0";"15,3";"15,4";"15,3";"860,9";"861,4";"860,9";"0,8";"13,0";"3,2";"";"0,0"
"28/01/2025";"0500";"16,7";"16,9";"16,7";"91,0";"91,0";"90,0";"15,2";"15,3";"15,2";"860,6";"861,0";"860,6";"1,2";"7,0";"3,7";"";"0,2"
"28/01/2025";"0600";"16,5";"16,7";"16,5";"92,0";"92,0";"91,0";"15,2";"15,3";"15,2";"859,9";"860,6";"859,8";"0,6";"11,0";"3,4";"";"0,0"
"28/01/2025";"0700";"16,2";"16,6";"16,2";"92,0";"92,0";"91,0";"15,0";"15,2";"14,9";"859,7";"859,9";"859,7";"0,3";"360,0";"2,6";"";"0,0"
"28/01/2025";"0800";"16,2";"16,2";"16,1";"93,0";"94,0";"92,0";"15,2";"15,2";"14,9";"860,0";"860,0";"859,7";"0,5";"7,0";"2,8";"";"0,0"
"28/01/2025";"0900";"16,3";"16,3";"16,2";"94,0";"94,0";"93,0";"15,2";"15,2";"15,1";"860,5";"860,5";"860,0";"0,4";"360,0";"3,3";"2,00";"0,0"
"28/01/2025";"1000";"16,4";"16,4";"16,2";"93,0";"94,0";"93,0";"15,4";"15,4";"15,2";"861,0";"861,0";"860,5";"0,6";"326,0";"2,1";"90,10";"0,0"
"28/01/2025";"1100";"17,0";"17,0";"16,4";"92,0";"94,0";"91,0";"15,6";"15,7";"15,4";"861,4";"861,4";"861,0";"0,4";"354,0";"3,1";"318,10";"0,0"
"28/01/2025";"1200";"18,0";"18,2";"16,9";"86,0";"92,0";"86,0";"15,7";"16,1";"15,4";"861,8";"861,8";"861,4";"0,4";"347,0";"2,1";"732,50";"0,0"
"28/01/2025";"1300";"19,7";"19,7";"18,0";"82,0";"87,0";"80,0";"16,5";"16,5";"15,6";"861,7";"861,8";"861,7";"0,9";"317,0";"2,4";"1420,80";"0,0"
"28/01/2025";"1400";"";"";"";"";"";"";"";"";"";"";"";"";"";"";"";"";""
"28/01/2025";"1500";"";"";"";"";"";"";"";"";"";"";"";"";"";"";"";"";""
"28/01/2025";"1600";"";"";"";"";"";"";"";"";"";"";"";"";"";"";"";"";""
"28/01/2025";"1700";"";"";"";"";"";"";"";"";"";"";"";"";"";"";"";"";""
"28/01/2025";"1800";"";"";"";"";"";"";"";"";"";"";"";"";"";"";"";"";""
"28/01/2025";"1900";"";"";"";"";"";"";"";"";"";"";"";"";"";"";"";"";""
"28/01/2025";"2000";"";"";"";"";"";"";"";"";"";"";"";"";"";"";"";"";""
"28/01/2025";"2100";"";"";"";"";"";"";"";"";"";"";"";"";"";"";"";"";""
"28/01/2025";"2200";"";"";"";"";"";"";"";"";"";"";"";"";"";"";"";"";""
"28/01/2025";"2300";"";"";"";"";"";"";"";"";"";"";"";"";"";"";"";"";""